Alabama,0394ce43d60903.jpg
Alabama,0572e4b626974b.jpg
Alabama,085b6db539c717.jpg
Alabama,0d16579f591cf8.jpg
Alabama,121bceec957e21.jpg
Alabama,21007379ec9d04.png
Alabama,21102866c4e0fa.png
Alabama,211037993e17bb.png
Alabama,21621734050b5b.png
Alabama,21649409812eea.png
Alabama,216541623110cc.png
Alabama,2167134953e1bf.png
Alabama,21676366e1d5c7.png
Alabama,21676416445bf9.png
Alabama,21676435b9c217.png
Alabama,21676497995a11.png
Alabama,21676516c0583e.png
Alabama,21676588cd0c33.png
Alabama,216768247a8492.png
Alabama,21705978bf9423.png
Alabama,217059932e6692.png
Alabama,24936846b06cc5.jpg
Alabama,3780bfd1cdd711.jpg
Alabama,3861b3a4e7999a.jpg
Alabama,3b386a54c8dfb9.jpg
Alabama,3e94df98a28f56.jpg
Alabama,46b30602e1a999.jpg
Alabama,4b9969057dc39d.jpg
Alabama,51d95826987d0f.jpg
Alabama,583324e298041e.jpg
Alabama,5a08817ddedb5f.jpg
Alabama,5b1cacb794f4dc.jpg
Alabama,5cd0b0e1972874.jpg
Alabama,5e32f8fd5bc190.jpg
Alabama,643a247c41c7e6.jpg
Alabama,66cf35a770d09b.jpg
Alabama,6821131e2a664e.jpg
Alabama,6b01738e517a2d.jpg
Alabama,72283b0bbd7616.jpg
Alabama,7430d7c65f046d.jpg
Alabama,7466ca829e0b7f.jpg
Alabama,79cf57b79115b6.jpg
Alabama,80c6ef59bc1759.jpg
Alabama,85b0f65e1a4620.jpg
Alabama,89eac58ce9c589.jpg
Alabama,a184cd44d6ce5e.jpg
Alabama,ab121cddf3aebe.jpg
Alabama,ca1023c0949c3b.jpg
Alabama,cc22be42712c50.jpg
Alabama,d06e2c1a017c5e.jpg
Alabama,d0f45183999d00.jpg
Alabama,d88ad127d768db.jpg
Alabama,dd9726667cb9b8.jpg
Alabama,df131a9a5297ad.jpg
Alabama,dfbac5a8a3ff31.jpg
Alabama,e3b4d85d0debad.jpg
Alabama,ea44010bd66b00.jpg
Alabama,eadb723e817967.jpg
Alabama,ef6b0e7a931179.jpg
Alabama,f516fe7bfe1f29.jpg
Alaska,0fc57469b4f218.jpg
Alaska,1704d654f86548.jpg
Alaska,1d3e207d5a2cc7.jpg
Alaska,1d7e1d25cc9a3e.jpg
Alaska,1fe3b331745cd9.jpg
Alaska,20973461e24cf4.png
Alaska,209787379c2453.png
Alaska,21006662e1e507.png
Alaska,21018213e8ea97.png
Alaska,21071398c25512.png
Alaska,21072142e7ad53.png
Alaska,21114439edf4b9.png
Alaska,2111732575ad64.png
Alaska,21558570ebcc43.png
Alaska,21558587d46702.png
Alaska,21676356c95fc9.png
Alaska,216805487b1859.png
Alaska,21705443b54e0d.png
Alaska,25de5d609a292d.jpg
Alaska,2a86e17c083b33.jpg
Alaska,2d07c3d9b1e3f2.jpg
Alaska,2d15726f45aa2d.jpg
Alaska,37455ab7cbe0b7.jpg
Alaska,4932b7b3dba1ab.jpg
Alaska,4c63b6f3f45346.jpg
Alaska,4dea01a1aff5d6.jpg
Alaska,508bc4ced72a94.jpg
Alaska,57e6a12785abd5.jpg
Alaska,586de1b5118109.jpg
Alaska,5b61e39a3cbeb9.jpg
Alaska,627a3e240ab872.jpg
Alaska,6dfa050ee947f6.jpg
Alaska,7062d9d6ae0e72.jpg
Alaska,84adc4f0193fc0.jpg
Alaska,85076942d814aa.jpg
Alaska,89c484bf9811dd.jpg
Alaska,8edb92aaefab3c.jpg
Alaska,8f052059bc9390.jpg
Alaska,911c6a3245eaf1.jpg
Alaska,91b9bde2c2160f.jpg
Alaska,94c4c907b8f306.jpg
Alaska,952feca72dcc2e.jpg
Alaska,9b23d69e8f3681.jpg
Alaska,9ccf28fd6e587f.jpg
Alaska,9d481ea9ec0d3c.jpg
Alaska,a12bf475998dda.jpg
Alaska,a6fa0096f60e0d.jpg
Alaska,a9a9819c2fcef1.jpg
Alaska,aff25d3d436169.jpg
Alaska,b593da33bb4029.jpg
Alaska,b5bf4c19f4ee3d.jpg
Alaska,ba64270021042b.jpg
Alaska,bfdd4c6f83dc7a.jpg
Alaska,c1df1019fa63f6.jpg
Alaska,c245c26d261401.jpg
Alaska,c35317d306881f.jpg
Alaska,d6071727a914a7.jpg
Alaska,d98381c2656a20.jpg
Alaska,e859432c9c418e.jpg
Alaska,f3a27b1b3a720f.jpg
Arizona,036de0e6ed4add.jpg
Arizona,20501712a6def9.png
Arizona,20645602f56d36.png
Arizona,20646103555be4.png
Arizona,20646152841eb0.png
Arizona,2065165041938d.png
Arizona,20651693e809e2.png
Arizona,206527688a6835.png
Arizona,206572026f9532.png
Arizona,2065728383d5e7.png
Arizona,206585362cb4aa.png
Arizona,207784721891d3.png
Arizona,207869867dba5e.png
Arizona,207959202c0322 (1).png
Arizona,207959202c0322.png
Arizona,20807593a26898 (1).png
Arizona,20807593a26898.png
Arizona,20832036baf88c.png
Arizona,208853437b42cf.png
Arizona,208995534d6f24.png
Arizona,209339140c6968.png
Arizona,20989713459925.png
Arizona,20996866b3b5dc.png
Arizona,21005169fb2601.png
Arizona,210119016ce1af.png
Arizona,210145615c5173 (1).png
Arizona,210145615c5173.png
Arizona,21080380de90fe (1).png
Arizona,21080380de90fe.png
Arizona,21098489c74358.png
Arizona,211030773d3e3c.png
Arizona,211073335de9f7.png
Arizona,21344316353934.png
Arizona,21351974e86249.png
Arizona,214240398df87d.png
Arizona,21427998bed1b6.png
Arizona,214308634cd867.png
Arizona,21511258647461.png
Arizona,21528867445750.png
Arizona,2158313359f8da.png
Arizona,21583989347693.png
Arizona,215873449ea850.png
Arizona,216008959206d3.png
Arizona,21600970dc5ba0.png
Arizona,21601171cfb906.png
Arizona,2160129999de53.png
Arizona,2169322862bb41.png
Arizona,21704429e614fd.png
Arizona,217054429f40af.png
Arizona,2171072202e8b0.png
Arizona,21711192326432.png
Arizona,23dd3058806df4.jpg
Arizona,28d558eeea9780.jpg
Arizona,318304cefbd6e9.jpg
Arizona,3b0ca1ef2aefe0.jpg
Arizona,651c354dfbd096.jpg
Arizona,6c282a7972c49f.jpg
Arizona,9b3f5ef1ec9662.jpg
Arizona,ae99bdc28e774e.jpg
Arizona,d23df49911a71a.jpg
Arkansas,0571d7415ddfc6.jpg
Arkansas,09f5df10d11d9c.jpg
Arkansas,146166d6704a8c.jpg
Arkansas,1d77968b68f402.jpg
Arkansas,2017690695e5c9.png
Arkansas,20409820196031.png
Arkansas,20433373539044.png
Arkansas,20437644f22d3f.png
Arkansas,20449950831a3d.png
Arkansas,204672074acdc8.png
Arkansas,20763375b13bf5.png
Arkansas,207694445ba56f.png
Arkansas,20840622d09974.png
Arkansas,247f74dc3789ab.jpg
Arkansas,298f4455de7758.jpg
Arkansas,30818042ab0c6b.jpg
Arkansas,3412fc434e0399.jpg
Arkansas,3c83dd3ff0231f.jpg
Arkansas,3d2530119148fa.jpg
Arkansas,3f995fe23e7ef2.jpg
Arkansas,47b76f4d71cb1a.jpg
Arkansas,4b61d3624c242b.jpg
Arkansas,53b0e9d038b50d.jpg
Arkansas,5462aac2859845.jpg
Arkansas,5ac50f4ce6e19b.jpg
Arkansas,5df633eed974ac.jpg
Arkansas,63906b00d32fdd.jpg
Arkansas,6773af5a5838c5.jpg
Arkansas,6b3c286545f99c.jpg
Arkansas,6bcbd7c12c128a.jpg
Arkansas,722bff095e590d.jpg
Arkansas,7366cea1af5568.jpg
Arkansas,7437b5d2018868.jpg
Arkansas,865a5bc892df5c.jpg
Arkansas,86b805770fcda8.jpg
Arkansas,873c46f2f38d7a.jpg
Arkansas,91320d9cea650e.jpg
Arkansas,97df8b1aa3721f.jpg
Arkansas,9a1b9915dcc951.jpg
Arkansas,a3b811f9076f9d.jpg
Arkansas,a76e2e86cdeafc.jpg
Arkansas,aa4842087573a1.jpg
Arkansas,af3d7483a50adb.jpg
Arkansas,af58e974133db0.jpg
Arkansas,b2bc2ed2ec3620.jpg
Arkansas,bc171488ccb1aa.jpg
Arkansas,bec88c74589e5d.jpg
Arkansas,c3beb631f34404.jpg
Arkansas,c410b85b4a091e.jpg
Arkansas,c50e4b67297fdd.jpg
Arkansas,c9e89f1ccd7486.jpg
Arkansas,d67a8c9199a677.jpg
Arkansas,d68cddb2682cac.jpg
Arkansas,d82d3f4ebf1ebc.jpg
Arkansas,dcd61fcc6b6e2f.jpg
Arkansas,e60fe4ee7ae42e.jpg
Arkansas,e6d4a7acc4ca46.jpg
Arkansas,eca55b4aa2f818.jpg
Arkansas,f2f1704b009e51.jpg
Arkansas,f954ea341bc66f.jpg
Arkansas,f9da71a4661db6.jpg
California,0054d8f624e0af.jpg
California,02ab874c625abd.jpg
California,0ec0618f728b1d.jpg
California,124bb57faaeb47.jpg
California,13b65d00d2f8d6.jpg
California,15e0934e624dcc.jpg
California,18aff720032339.jpg
California,195997f1905207.jpg
California,1a4fa63a2e4089.jpg
California,217098048d26b9.png
California,21710372f7f667.png
California,21711004f8d38a.png
California,21712920396591.png
California,2af8f8c112e77c.jpg
California,2dcc525624ee22.jpg
California,2f4cf796ae036a.jpg
California,3280f744db2991.jpg
California,32e05a3b23de8c.jpg
California,32f29776490b7c.jpg
California,36fe60c7d92662.jpg
California,3757c55de6230a.jpg
California,3830449c56c5a0.jpg
California,42487c119a5e35.jpg
California,438c3b77f9025a.jpg
California,4660590f41aa51.jpg
California,47422646b43cf2.jpg
California,48445b3b0c3c02.jpg
California,4dd69bc7bc2534.jpg
California,4e4715c72b01d6.jpg
California,51aaa4c5a85757.jpg
California,53c38343199dcd.jpg
California,554f3e89c82ca1.jpg
California,60d4e8a06d5083.jpg
California,615894ac9f5042.jpg
California,68c3e84c499a0f.jpg
California,6b523a6faea796.jpg
California,6b855c87a4c778.jpg
California,6f9ea9bc6149e3.jpg
California,795ed252188804.jpg
California,80e40e7fb3cd27.jpg
California,849d1ea3b81dde.jpg
California,851d051a2358df.jpg
California,89cfa25f9cbbc8.jpg
California,8a61cc69b3f1de.jpg
California,8c3cf79813c094.jpg
California,8d9f88038bfec2.jpg
California,8dd900d3540c85.jpg
California,8f2f56de16c3b7.jpg
California,919185655cd1c0.jpg
California,925fd789af6ffb.jpg
California,92f14aa0278cf6.jpg
California,96d12cf9a1754c.jpg
California,99568b24d1a581.jpg
California,9d6d6c4fee02ec.jpg
California,a78ae83363a728.jpg
California,a96917c986c8a0.jpg
California,ab44a230f43568.jpg
California,ad424937cddb1a.jpg
California,afea8a9ff04ce7.jpg
California,b01a959b9a8511.jpg
California,b108c8dad92809.jpg
California,b753cbb6fec9e7.jpg
California,bd20404d899312.jpg
California,beb4a3459977b0.jpg
California,c0d23650e3fe25.jpg
California,c480c33937d844.jpg
California,c8837fd86439ce.jpg
California,ca49e60e63903b.jpg
California,cde9ff1a467b46.jpg
California,dbfb73404df4fb.jpg
California,e0da0605c9f4bc.jpg
California,e11a4af7c3dc01.jpg
California,e5c99ea90dd82d.jpg
California,e81e934d844adc.jpg
California,e847bb8c845389.jpg
California,e8cb56d705e3fc.jpg
California,ec5dfbeca75825.jpg
California,ecfc1ecf047d7a.jpg
California,ee8ad31fa4a544.jpg
California,f876df58943cd1.jpg
Colorado,002102e0b8e03b.jpg
Colorado,041effb53537c6.jpg
Colorado,06d31697fcc00f.jpg
Colorado,1f55f68c82a743.jpg
Colorado,21579173049b0d.png
Colorado,21587363f5ac63.png
Colorado,21587591454d73.png
Colorado,2159505892a5be.png
Colorado,21596210824911.png
Colorado,215994920623bd.png
Colorado,216137904539a4.png
Colorado,21614045a30a1f.png
Colorado,21614073983780.png
Colorado,21628032d2a0d3.png
Colorado,2162903427b465.png
Colorado,21629049ad548e.png
Colorado,21629062bfeabe.png
Colorado,2163811225c541.png
Colorado,216413660a685f.png
Colorado,21654211134475.png
Colorado,2165421921387f.png
Colorado,21654328bc254d.png
Colorado,21661277c1578b.png
Colorado,2166265489276b.png
Colorado,217057426e8ff4.png
Colorado,2170577019ebdb.png
Colorado,21705796d35622.png
Colorado,21705823189829.png
Colorado,21705851d5568c.png
Colorado,217058668a8b1c.png
Colorado,262a5aab8e3882.jpg
Colorado,38bf5e5d9c71c3.jpg
Colorado,41cb0c16c48e35.jpg
Colorado,459246bc3a692b.jpg
Colorado,4781a77892ee95.jpg
Colorado,517c80aa95a03d.jpg
Colorado,517daec2d6e3ef.jpg
Colorado,5529957399fc98.jpg
Colorado,63adb4da6c2c0c.jpg
Colorado,66a8f22c5cb934.jpg
Colorado,860e29d058e554.jpg
Colorado,902a029e00fe58.jpg
Colorado,96d91670e186ed.jpg
Colorado,9951a490eaf40c.jpg
Colorado,9cfefdf78b7bc8.jpg
Colorado,9ff4fa35f7858d.jpg
Colorado,b2bcd1b50475fe.jpg
Colorado,b45b3808c66bc7.jpg
Colorado,c1fa9fe744dcbc.jpg
Colorado,c2f203ffb4d289.jpg
Colorado,c7129aa5f4a5f8.jpg
Colorado,c821b64e6daec7.jpg
Colorado,cb64759ffc73e0.jpg
Colorado,cc40edeb34388f.jpg
Colorado,d36d4a431ac78f.jpg
Colorado,db0bf000050057.jpg
Colorado,e76c91dede80dc.jpg
Colorado,ebef6c250aebbc.jpg
Colorado,ef9179e5ca5877.jpg
Colorado,f01e21aac47fbe.jpg
Connecticut,06bed47611d049.jpg
Connecticut,0a4ada29a90406.jpg
Connecticut,135a207d0740c3.jpg
Connecticut,21692290b7e9aa.png
Connecticut,217055737cf9c5.png
Connecticut,2170568874c84a.png
Connecticut,21705697fcd29b.png
Connecticut,2170570045fd81.png
Connecticut,24a3f34dedae7c.jpg
Connecticut,24b629d91077d3.jpg
Connecticut,284563ba1affe9.jpg
Connecticut,28b7e4305bed2c.jpg
Connecticut,2e06c590fcd702.jpg
Connecticut,2e2f4494b6f7bc.jpg
Connecticut,3529af805845f3.jpg
Connecticut,36e180f70bafe1.jpg
Connecticut,3b9b38ed4e56aa.jpg
Connecticut,4341ddace10a25.jpg
Connecticut,44b738a02179e5.jpg
Connecticut,49fc4685d90b60.jpg
Connecticut,55f6faf2cfebff.jpg
Connecticut,56192755793e43.jpg
Connecticut,5944ec1d292fca.jpg
Connecticut,6d121013f05be7.jpg
Connecticut,6d9b6a23539435.jpg
Connecticut,707ab465036c19.jpg
Connecticut,725dc3446864f6.jpg
Connecticut,762cbb8a913074.jpg
Connecticut,788f47cb13e2eb.jpg
Connecticut,7be491014d563b.jpg
Connecticut,7d303349a89d14.jpg
Connecticut,7e7d4fe85dc69f.jpg
Connecticut,7ed95d9b7a623e.jpg
Connecticut,81f836ab9a9f44.jpg
Connecticut,82befaefc984d2.jpg
Connecticut,83c1aa3620ef44.jpg
Connecticut,859ec645791dea.jpg
Connecticut,88e8f332a96653.jpg
Connecticut,8a909932f9008f.jpg
Connecticut,8fa686ec3b4906.jpg
Connecticut,92777792e0b241.jpg
Connecticut,934198420321b4.jpg
Connecticut,93f0139d064e65.jpg
Connecticut,971122ac53a0ff.jpg
Connecticut,9c2cc3a5fda64e.jpg
Connecticut,9fc4a111adf520.jpg
Connecticut,a4bb00668adb7c.jpg
Connecticut,a66bb9a114e189.jpg
Connecticut,aacfc84f014975.jpg
Connecticut,ade12e6d811eb8.jpg
Connecticut,b43ea7671bd8a1.jpg
Connecticut,b471853182282c.jpg
Connecticut,b5ce47a55664cf.jpg
Connecticut,b5eeb87084dff9.jpg
Connecticut,b7aed4e94eebae.jpg
Connecticut,b91a3468d3ea6f.jpg
Connecticut,bbc4d2dd9696fd.jpg
Connecticut,c1183179686174.jpg
Connecticut,c5c34e222d7ed0.jpg
Connecticut,cae265918b66a0.jpg
Connecticut,cfdcdd58e405a0.jpg
Connecticut,d3374ef5d16bc9.jpg
Connecticut,d4184b7f3257c0.jpg
Connecticut,ddff9a82cb60d8.jpg
Connecticut,deb34fbe1cfb84.jpg
Connecticut,e0c9afeaa27126.jpg
Connecticut,e1e73b955e85ad.jpg
Connecticut,e2ef9c102061db.jpg
Connecticut,e5ab22dc21a3ab.jpg
Connecticut,e7c3ed7331c12e.jpg
Connecticut,e8acccf90745c4.jpg
Connecticut,ef28e4d76208c4.jpg
Connecticut,f62f644abd727a.jpg
Connecticut,fd197221e334f3.jpg
Delaware,0668f8c4cf0ded.jpg
Delaware,0897217c459ee2.jpg
Delaware,0bdd4d428eadbb.jpg
Delaware,0c445357c84e3a.jpg
Delaware,0e54ab37c8dc03.jpg
Delaware,14b3d9886c426e.jpg
Delaware,16db8f8dfe7a45.jpg
Delaware,1b6c7ec6fc3de2.jpg
Delaware,1d57ba52a6ec30.jpg
Delaware,20771121f96e3e.png
Delaware,2090086018651d.png
Delaware,21396684c57084.png
Delaware,2157198115b9cd.png
Delaware,2db11b9f954bea.jpg
Delaware,32e4e5081c428f.jpg
Delaware,343af99eec4535.jpg
Delaware,38beee29128ea2.jpg
Delaware,390e0e10e28bc1.jpg
Delaware,3acf99ffa3e2de.jpg
Delaware,3e3c6ede35ab2c.jpg
Delaware,47ba76b8bd3944.jpg
Delaware,4bfcf15de152d6.jpg
Delaware,4de9fcae4ac319.jpg
Delaware,50e14178f3187d.jpg
Delaware,5177f6edecd36a.jpg
Delaware,5215a1ccb8ccde.jpg
Delaware,549c31216fe3c0.jpg
Delaware,5c3db366e117fa.jpg
Delaware,5cdfb7588692a9.jpg
Delaware,5cf3c603e738af.jpg
Delaware,5fe5c4e49d967c.jpg
Delaware,62b0bc2209bcd4.jpg
Delaware,63b23bc0f3b951.jpg
Delaware,669fe4304b23b8.jpg
Delaware,680b7c3e307175.jpg
Delaware,6bc3256ab252cc.jpg
Delaware,6d235508e434ed.jpg
Delaware,7205f149a7e9c1.jpg
Delaware,7462c0c7b409af.jpg
Delaware,761f33b9e3457d.jpg
Delaware,85703717fd2f72.jpg
Delaware,8ddf3b17fed23d.jpg
Delaware,8fcd01d1ea1afb.jpg
Delaware,951fd6da21c433.jpg
Delaware,96ac731136b4e8.jpg
Delaware,97c7efe5ee75ec.jpg
Delaware,9b05a8f30ec9ff.jpg
Delaware,a0172891f1e3fc.jpg
Delaware,a419680d74a3e4.jpg
Delaware,a68e79e90380cc.jpg
Delaware,aa5bfdb4378232.jpg
Delaware,ae03d6f2677fa4.jpg
Delaware,ae16ab17e45aa8.jpg
Delaware,b3479b149db925.jpg
Delaware,be1b5ef55607dc.jpg
Delaware,bf65f75291f5ad.jpg
Delaware,c410ff298af681.jpg
Delaware,cb8b4e92da621e.jpg
Delaware,d118f4c40df667.jpg
Delaware,d45bbf63a9130f.jpg
Delaware,d5f8eb66352d76.jpg
Delaware,d794c153c07c7a.jpg
Delaware,da8f6e6088f0cd.jpg
Delaware,db8fc389f35f55.jpg
Delaware,dbde0850bc51f8.jpg
Delaware,dc6aab7b76d9c3.jpg
Delaware,e1dd0d6bc36a39.jpg
Delaware,e24099776cae78.jpg
Delaware,e34734b9105950.jpg
Delaware,e60740cce8321d.jpg
Delaware,e8bb3507515dee.jpg
Delaware,ea8920efe1f09a.jpg
Delaware,ed942ae3f41826.jpg
Delaware,eeb6a1458b9228.jpg
Delaware,efb6339aa40d51.jpg
Delaware,f382bc6de67626.jpg
Delaware,f6d7c9b8a3e6e9.jpg
Delaware,f96e649ed85397.jpg
Delaware,fe58cebccc5fb2.jpg
Delaware,feb7175c829bb2.jpg
Delaware,febbada7a1b037.jpg
Florida,040336fde963e0.jpg
Florida,048154b52770f8.jpg
Florida,079293226b8cf8.jpg
Florida,1679172ca6fc31.jpg
Florida,1f59c574640944.jpg
Florida,2120299066a71a.png
Florida,212030069e82f3.png
Florida,21203017a8ce5f.png
Florida,212144929bdf6d.png
Florida,2127952053bbdc.png
Florida,21281268d48358.png
Florida,21303099389c5c.png
Florida,213428467bab64.png
Florida,2134351310555a.png
Florida,213436477ef6c7.png
Florida,213546422d36b1.png
Florida,213552282a2e1d.png
Florida,213576596d0aaa.png
Florida,2135920353a31f.png
Florida,21362008e2aeb4.png
Florida,21415756b7fddc.png
Florida,214157790f6573.png
Florida,214197215f34f2.png
Florida,21440380bac69a.png
Florida,2144102774e2ed.png
Florida,2144220920702b.png
Florida,21454160c97a38.png
Florida,21462431d56485.png
Florida,214624806bf3f6.png
Florida,2152028857dd35.png
Florida,215274712ee286.png
Florida,21528897cd6e47.png
Florida,215368424765df.png
Florida,21564248aa73d2.png
Florida,21564401350bba.png
Florida,21571986102f21.png
Florida,21571989cebaed.png
Florida,21572733ecdb1b.png
Florida,2157465416a792.png
Florida,215868975c7199.png
Florida,23e9ddc31d87b2.jpg
Florida,2661a21c8d6f1e.jpg
Florida,29eea31e28435e.jpg
Florida,335374c2c5f2d8.jpg
Florida,433c403c0b4a92.jpg
Florida,46624e29d03372.jpg
Florida,57948d1a7a7086.jpg
Florida,5f54f2b5b8651d.jpg
Florida,7d8c070ddba8b5.jpg
Florida,7dd7a28cc10fc5.jpg
Florida,9bfdf657efb89f.jpg
Florida,b17946db37711e.jpg
Florida,b886fc2bfc8ef8.jpg
Florida,bc3157156a61ff.jpg
Florida,bd2865b24144a1.jpg
Florida,c3e23694a2a7fa.jpg
Florida,c6884c1408050a.jpg
Florida,ccb6fd35f4b553.jpg
Florida,cf885546c82787.jpg
Florida,e5782d1f9d2bfa.jpg
Georgia,016143dc318ad5.jpg
Georgia,02e3b352ac334f.jpg
Georgia,055ec3379536a6.jpg
Georgia,062b8cd9eb3fb5.jpg
Georgia,0909d491f7f80b.jpg
Georgia,0fb3f884074cb6.jpg
Georgia,1161ac91ebd781.jpg
Georgia,128789de14841d.jpg
Georgia,12de201afa6e2a.jpg
Georgia,1950882bdc733b.jpg
Georgia,1ca461b2b99e73.jpg
Georgia,284945443ed4ad.jpg
Georgia,2b84c75c996515.jpg
Georgia,2e3868d12096b0.jpg
Georgia,36ab6367f748a5.jpg
Georgia,38d803c22784b2.jpg
Georgia,3a6c2be355cbc9.jpg
Georgia,3c11d24c30fe3c.jpg
Georgia,42c66911c3147e.jpg
Georgia,459ff3c1edf98f.jpg
Georgia,4a09e6ee5c32d3.jpg
Georgia,4c6fa8528adc24.jpg
Georgia,4d7e34d760901d.jpg
Georgia,542264f62b32de.jpg
Georgia,595ab1288eeb88.jpg
Georgia,659cf62900808a.jpg
Georgia,65a7673dfe520a.jpg
Georgia,6ab775be7d82d3.jpg
Georgia,6d2ec22a0de3d7.jpg
Georgia,7018e93cc4e816.jpg
Georgia,72856d0ad56c00.jpg
Georgia,7476b91c4edac6.jpg
Georgia,81d6dd45da5c66.jpg
Georgia,837914f64b1dd9.jpg
Georgia,85000307ac2c68.jpg
Georgia,853451654fc77d.jpg
Georgia,86c6a1ad94a46d.jpg
Georgia,88274b9c070038.jpg
Georgia,8ad9e37982b25e.jpg
Georgia,8bf72263792fd2.jpg
Georgia,8cc5f1e4477462.jpg
Georgia,9409e9ad153dcf.jpg
Georgia,9775404933d2e0.jpg
Georgia,9c3474ad521017.jpg
Georgia,9d6468b28564a3.jpg
Georgia,9d7d0777273856.jpg
Georgia,a131895f5f1b9e.jpg
Georgia,a201a8cbb671a0.jpg
Georgia,a385abd90452ad.jpg
Georgia,a3d1b2e0ef9c44.jpg
Georgia,a43e6f60b1a5de.jpg
Georgia,a440d99f353308.jpg
Georgia,acfd9b2b2d9dba.jpg
Georgia,b06ea75ce40140.jpg
Georgia,b4757631c44770.jpg
Georgia,b51cf8c9f70f38.jpg
Georgia,c0a54549d3054f.jpg
Georgia,c3d4d282024379.jpg
Georgia,c77048e98b63fa.jpg
Georgia,c785326f32dff5.jpg
Georgia,cf22a5b0cb916f.jpg
Georgia,d74f1b9b690d06.jpg
Georgia,d8436580414d38.jpg
Georgia,e30777dd4c9a6b.jpg
Georgia,ea38f5d0eebf82.jpg
Georgia,ed2a4f63b66afe.jpg
Georgia,f0d7f0e43fbc42.jpg
Georgia,f8e970e9159455.jpg
Georgia,fa0ca49947bc0e.jpg
Georgia,fb56867aa92742.jpg
Georgia,fea80e22170019.jpg
Hawaii,0393e40e581d0b.jpg
Hawaii,21385253105a8b.png
Hawaii,213852788a82fc.png
Hawaii,213864732f41ab.png
Hawaii,21386481115d66.png
Hawaii,2138787361ca9e.png
Hawaii,213878961ba6b3.png
Hawaii,213879004bb5ab.png
Hawaii,21388038c169ef.png
Hawaii,21388870f2988b.png
Hawaii,213890479f7a5a.png
Hawaii,21391638f78700.png
Hawaii,21391693a1abe1.png
Hawaii,213917885ce3f4.png
Hawaii,213917997fb8ea.png
Hawaii,21391823fcee68.png
Hawaii,21391851f3af71.png
Hawaii,21391852f856c1.png
Hawaii,21391853d14c46.png
Hawaii,2139195776163c.png
Hawaii,21391963b6b315.png
Hawaii,213919659b81f4.png
Hawaii,21392738497c10.png
Hawaii,21392934bed11f.png
Hawaii,213935220fe1a1.png
Hawaii,21394135781c96.png
Hawaii,213959992a3e81.png
Hawaii,21396971b6eeda.png
Hawaii,21397127cbff78.png
Hawaii,21398874b2ae75.png
Hawaii,2139895116cadc.png
Hawaii,21399368c84bda.png
Hawaii,21399564b799c6.png
Hawaii,213995719b3501.png
Hawaii,21399572f953c7.png
Hawaii,214006333f7bdb.png
Hawaii,21400643605987.png
Hawaii,2140408095e257.png
Hawaii,21412503385940.png
Hawaii,214133763c30ce (1).png
Hawaii,214133763c30ce.png
Hawaii,216019132dcf8d.png
Hawaii,21622036ebe3f2.png
Hawaii,21671745b9a216.png
Hawaii,216717529f5b82.png
Hawaii,21671758736a65.png
Hawaii,262bdfa8abf42f.jpg
Hawaii,29e34f5b01e97e.jpg
Hawaii,420e168da18cb7.jpg
Hawaii,6b55f9b27c88b6.jpg
Hawaii,6bf906e0f5c4a2.jpg
Hawaii,708eeabdbd966d.jpg
Hawaii,97aec3d1658aa5.jpg
Hawaii,9b304053daf2bd.jpg
Hawaii,b0f58f105c13c1.jpg
Hawaii,de24c2c728f13d.jpg
Hawaii,ea00fe9ffccd92.jpg
Hawaii,ef27c8add41f40.jpg
Hawaii,f1ffe408e5d721.jpg
Hawaii,fc5506ca91ebea.jpg
Idaho,0091cdbdd5f1c8.jpg
Idaho,012462d7ab4625.jpg
Idaho,0dedd664ce0039.jpg
Idaho,0f8d56102c9c7f.jpg
Idaho,0fe770228b28fa.jpg
Idaho,1a26260ea69bcc.jpg
Idaho,1c519453e192c8.jpg
Idaho,1de243ccc8bcc8.jpg
Idaho,2033760088d9bf.png
Idaho,203376213272c8.png
Idaho,203379150bdc2c.png
Idaho,2033965086952d.png
Idaho,20339703b287ba.png
Idaho,203397281a5f20.png
Idaho,20339828e4c020.png
Idaho,20339871343a71.png
Idaho,203443911f2eb6.png
Idaho,2034440112a76a.png
Idaho,20346341ba83e5.png
Idaho,203536987162a9.png
Idaho,203857791389ef.png
Idaho,204098298fa021.png
Idaho,204227421c641f.png
Idaho,21400115ac4bd7.png
Idaho,2142406533344d.png
Idaho,21456194724497.png
Idaho,21613582d107f0.png
Idaho,21718510e7906d.png
Idaho,23e36da4d63d1b.jpg
Idaho,24cad694cbbd56.jpg
Idaho,256faa3c5661f0.jpg
Idaho,4222029795498e.jpg
Idaho,472446ef1a5268.jpg
Idaho,540816cf7d2e5e.jpg
Idaho,5558564285fd34.jpg
Idaho,56e60e769bcc0a.jpg
Idaho,5bb59036053a11.jpg
Idaho,5f91941d1e78e4.jpg
Idaho,65ff369d438ed5.jpg
Idaho,683f270a9be3a6.jpg
Idaho,68cb8abff8e530.jpg
Idaho,78744a0539c078.jpg
Idaho,7f16e683cc105a.jpg
Idaho,90e79cbe8fce9b.jpg
Idaho,90f63d31b8a0dd.jpg
Idaho,924ce7ad9d84e4.jpg
Idaho,99fec7e295f767.jpg
Idaho,9e07a31590c822.jpg
Idaho,a0a1d01ab4c692.jpg
Idaho,a482cfbb44acdc.jpg
Idaho,ac17104f18a4a3.jpg
Idaho,ad01d4ac15c6de.jpg
Idaho,c2d3b8468994ab.jpg
Idaho,c4ec1e27f188f0.jpg
Idaho,cd56f466b4d17c.jpg
Idaho,cdbbe25e331180.jpg
Idaho,d070df27909062.jpg
Idaho,d6e7c8c18350ce.jpg
Idaho,f0e33887a635c4.jpg
Idaho,f1420dbdb9d098.jpg
Illinois,00b8a956d4ee0d.jpg
Illinois,21468605631a1e.png
Illinois,21471774099cb8.png
Illinois,21471789290940.png
Illinois,21471801460a8e.png
Illinois,21471814157566.png
Illinois,21472059552a2a.png
Illinois,21472169b1d112.png
Illinois,2147449942f7ba.png
Illinois,2153805718b97f.png
Illinois,21538147f49c45.png
Illinois,215382173dc00b.png
Illinois,21538809206add.png
Illinois,2155639741c340.png
Illinois,21557242e9030f.png
Illinois,21557412213024.png
Illinois,21557711446f40.png
Illinois,215577634c019f.png
Illinois,21561810ea1281.png
Illinois,2156221057b287.png
Illinois,21562481296593.png
Illinois,215625742c5a06.png
Illinois,21562644bce454.png
Illinois,2156272345761f.png
Illinois,215627468aa3e9.png
Illinois,21563105bb18c0.png
Illinois,21564241801fc4.png
Illinois,21565190d7447f.png
Illinois,2158333253f947.png
Illinois,21637680654837.png
Illinois,2164490060e9c6.png
Illinois,21646713b09391.png
Illinois,21646843d1a1e2.png
Illinois,21654163f65090.png
Illinois,21654348d34a28.png
Illinois,21658740de2597.png
Illinois,21676694d53e4d (1).png
Illinois,21676694d53e4d.png
Illinois,21679975b17fe8.png
Illinois,21679995c70059.png
Illinois,21680002dbc2ac.png
Illinois,21695117daf70d.png
Illinois,217033381895e7.png
Illinois,217057444919c3.png
Illinois,217065155e7caa.png
Illinois,217066831cd298.png
Illinois,21709772965a09.png
Illinois,230c415e2f44a3.jpg
Illinois,2b56cf5a29056e.jpg
Illinois,36c4e23af3caef.jpg
Illinois,371abc3c057b31.jpg
Illinois,3be1f1a90c203a.jpg
Illinois,47ec064b7c706a.jpg
Illinois,49d676fe2631d8.jpg
Illinois,57e290bd8a38d2.jpg
Illinois,5880c85d2bb97b.jpg
Illinois,66b52b8579f98a.jpg
Illinois,726c5ae1a254fe.jpg
Illinois,97e2a9bf522f39.jpg
Illinois,dded8624a073e4.jpg
Indiana,003a30664d874e.jpg
Indiana,004909545748e9.jpg
Indiana,0267aaebc6f6c1.jpg
Indiana,02e79abea4b1d3.jpg
Indiana,080c875efc7235.jpg
Indiana,096763a3cd0d4d.jpg
Indiana,10a760d59381da.jpg
Indiana,10ed1e9f024815.jpg
Indiana,10ff4487e1fca6.jpg
Indiana,11f64e77c345cd.jpg
Indiana,135d27d119eb39.jpg
Indiana,1a7bd8b1c225f5.jpg
Indiana,1bbd1cf33ec859.jpg
Indiana,1cc937d3efc7f8.jpg
Indiana,227bf9f51ac032.jpg
Indiana,230ed39d2a195a.jpg
Indiana,25226834d7d61b.jpg
Indiana,27d9b370b2ccea.jpg
Indiana,2b277b72bbcb03.jpg
Indiana,2d5ed2d463ff22.jpg
Indiana,2f92a3a90e6b7b.jpg
Indiana,2fed7561bd3d49.jpg
Indiana,2feefb40f78b6b.jpg
Indiana,328ae6404cbbc7.jpg
Indiana,3608e77cd73219.jpg
Indiana,36f741b6836379.jpg
Indiana,3d27a3476a5f8c.jpg
Indiana,3f8e9b652f2791.jpg
Indiana,40912a243b9db2.jpg
Indiana,412e00b9a15080.jpg
Indiana,428aeb71b95815.jpg
Indiana,430486d03fe36b.jpg
Indiana,439054338b24fe.jpg
Indiana,43d0d592c5ee74.jpg
Indiana,462608706c6cdd.jpg
Indiana,47abbe85a6c99c.jpg
Indiana,49a8a31353d3a5.jpg
Indiana,4b7bb12ef37aa1.jpg
Indiana,4d93f38acdd40b.jpg
Indiana,4f5bd43bb5c92a.jpg
Indiana,507d114a315378.jpg
Indiana,5352fdbbe50237.jpg
Indiana,547e98e9c91040.jpg
Indiana,58727010abbc27.jpg
Indiana,5b77f2dd545f8c.jpg
Indiana,5c616847358d7e.jpg
Indiana,66fcfba00c7fde.jpg
Indiana,679b2de5a9bd76.jpg
Indiana,6c79cf86441a01.jpg
Indiana,6ea0bca7d45f2f.jpg
Indiana,6f4367595065a2.jpg
Indiana,73686f15807a76.jpg
Indiana,7389c3e1896130.jpg
Indiana,76f348af747c09.jpg
Indiana,77cd32523e15e0.jpg
Indiana,7a7083d7e742d4.jpg
Indiana,7d289a8800dbde.jpg
Indiana,7e8faf10794bf5.jpg
Indiana,8268ab885252df.jpg
Indiana,828e08cad2143c.jpg
Indiana,887124ca8bf437.jpg
Indiana,8994c4432aab0b.jpg
Indiana,8e1438914850c6.jpg
Indiana,8e8da5c618fb0d.jpg
Indiana,8fdb752660c289.jpg
Indiana,9476e7617a12bc.jpg
Indiana,959637236ad746.jpg
Indiana,97d62e0f0bc1f9.jpg
Indiana,98c0d405701231.jpg
Indiana,98e1e6f9f86744.jpg
Indiana,991f8b0b93cc02.jpg
Indiana,99236c6c4718b0.jpg
Indiana,998b6818cfbec5.jpg
Indiana,9afaf1a7fd496d.jpg
Indiana,9b20a232165169.jpg
Indiana,9cb3ba3e4d14a2.jpg
Indiana,9f6aab36cdfab4.jpg
Indiana,a500cba0a7e86a.jpg
Indiana,ab02f7eb309e18.jpg
Indiana,abe3e61c3240a7.jpg
Indiana,b1f084cb3ad396.jpg
Indiana,b674a85dadeef1.jpg
Indiana,b6a2512552b127.jpg
Indiana,b7b16106d007a2.jpg
Indiana,bcc07272ff2a8f.jpg
Indiana,bcddcd04135561.jpg
Indiana,bde85743e2ba45.jpg
Indiana,beef7ea520c3b4.jpg
Indiana,c7ef32d6544007.jpg
Indiana,c9aacaf1e48430.jpg
Indiana,c9ade87ba87e83.jpg
Indiana,ca1bd690f24dde.jpg
Indiana,ca89ae34cd8ae7.jpg
Indiana,ce0d7edb66a483.jpg
Indiana,d3268bc935c43f.jpg
Indiana,d6e23dd53421b1.jpg
Indiana,daa4375a6208ca.jpg
Indiana,dbdd63fb818015.jpg
Indiana,dc9b9f880c0098.jpg
Indiana,dd1e0a78ea5bdf.jpg
Indiana,e0db7075b2adbc.jpg
Indiana,e19fa8dd91c667.jpg
Indiana,e3227b50c29c03.jpg
Indiana,e4455fc829ae87.jpg
Indiana,e5ec0dc4bf0e8b.jpg
Indiana,ea993534003b8a.jpg
Indiana,eb7b426004b1f6.jpg
Indiana,ec32b0c327096a.jpg
Indiana,f08e0d8d8d3741.jpg
Indiana,f57548256f6174.jpg
Indiana,f9119336655942.jpg
Indiana,f98ba8103e7637.jpg
Indiana,f9f813489e67d4.jpg
Indiana,fa5225b81e36b7.jpg
Indiana,fabbc8427723d3.jpg
Indiana,fd847d8793375a.jpg
Indiana,fe9b73e6ba94ef.jpg
Iowa,19398966c88104.png
Iowa,193999216819d5.png
Iowa,19404573ad84b5.png
Iowa,19454471da4b08.png
Iowa,19505752c77db9.png
Iowa,1962b6722606f5.jpg
Iowa,19971948f9e46e.png
Iowa,19975601aeebec.png
Iowa,1997768078dfe4.png
Iowa,19977884fd0455.png
Iowa,20055873ca21de.png
Iowa,20061093625666.png
Iowa,20077689c079f5.png
Iowa,201116329ce913.png
Iowa,2011296895370a.png
Iowa,201167935cf4d9.png
Iowa,202629028465ce.png
Iowa,202705099625f3.png
Iowa,20270680749701.png
Iowa,2027736272bdba.png
Iowa,202773647b4c51.png
Iowa,20280936447526.png
Iowa,202828389bd4f7.png
Iowa,203075425f9883.png
Iowa,20381556fdb715.png
Iowa,203883856cccae.png
Iowa,2039482746d991.png
Iowa,204027219b8d5b.png
Iowa,2042025851c3c5.png
Iowa,20434821a42cfa.png
Iowa,2048030546dcc3.png
Iowa,20725770238332.png
Iowa,207765865842a2.png
Iowa,207948768bb4cc.png
Iowa,20808721efffbe.png
Iowa,208336858c481a.png
Iowa,20833705e53fba.png
Iowa,20839171fb3d3d.png
Iowa,208562976396f8.png
Iowa,208562993c6870.png
Iowa,208682805d335a.png
Iowa,20958498f7b55b.png
Iowa,2098526584391a.png
Iowa,21060000f83a94.png
Iowa,21072942c40166.png
Iowa,21075384edbe06.png
Iowa,210893255a5d0b.png
Iowa,21182710ab6ddd.png
Iowa,21217760e07e48.png
Iowa,2152912271bb6f.png
Iowa,21603262ccd5b3.png
Iowa,21632075a4c6dd.png
Iowa,21654181c4b18e.png
Iowa,21660416f53ea9.png
Iowa,4ecd83d98186e1.jpg
Iowa,9917654104c547.jpg
Iowa,ada5adce5e653f.jpg
Iowa,d9be757490e312.jpg
Iowa,dfa16c723e37d8.jpg
Iowa,ecc1fb8b846687.jpg
Kansas,04cbd97dbaf81a.jpg
Kansas,08d97b4dd4b200.jpg
Kansas,0b2b65b5081cb2.jpg
Kansas,12ed5d90b5cdc1.jpg
Kansas,1d940099f1956d.jpg
Kansas,201769140424b7.png
Kansas,20176923ddc9a5.png
Kansas,203601355eead9.png
Kansas,2036054211bb31.png
Kansas,20363954d4fcad.png
Kansas,203750192ea8df.png
Kansas,203883827a5da2.png
Kansas,2040163048e212.png
Kansas,204026822c0516.png
Kansas,20405665a2b4ac.png
Kansas,20413880612a91.png
Kansas,20421354e3bf96.png
Kansas,206767650b6efd.png
Kansas,20704390a66069.png
Kansas,2070439667835d.png
Kansas,2070440117c699.png
Kansas,207889645228da.png
Kansas,20837651516645.png
Kansas,208890007dca63.png
Kansas,20909483ede9d0.png
Kansas,2155616864ee8a.png
Kansas,21602983972137.png
Kansas,21620091453c83.png
Kansas,21701630f4703b.png
Kansas,2597a7ad789ec8.jpg
Kansas,38042ac0885d8d.jpg
Kansas,3fa2692cab6a7f.jpg
Kansas,4f9422f5aacb59.jpg
Kansas,4fc6e4196491f7.jpg
Kansas,57beec20c5e30d.jpg
Kansas,5e49aa710e2727.jpg
Kansas,626a57b4ffb281.jpg
Kansas,71d74513dda6e9.jpg
Kansas,7574e375bfdded.jpg
Kansas,7884d24f423cc1.jpg
Kansas,7eda50c4c8c4ff.jpg
Kansas,8f94cc3c2cbfa9.jpg
Kansas,94b101c4ae8de2.jpg
Kansas,9bb822239d4d09.jpg
Kansas,9e28171523a6e6.jpg
Kansas,b2987db8f3f1db.jpg
Kansas,b9097081af9ec7.jpg
Kansas,c89c2f69de216f.jpg
Kansas,ce7425de9e104d.jpg
Kansas,cfcea4371dd193.jpg
Kansas,d35b976dbbc280.jpg
Kansas,dd07d2431926ba.jpg
Kansas,deb75006fe3564.jpg
Kansas,df60ffade8934a.jpg
Kansas,efea0865ec61c1.jpg
Kansas,f06f4551d6b355.jpg
Kansas,f093dd3d23fb3e.jpg
Kansas,f4acb00c963c66.jpg
Kansas,f997bd41fceb1f.jpg
Kansas,f9e6703a143e6c.jpg
Kentucky,1230e7db1b631e.jpg
Kentucky,196760878ed7b2.png
Kentucky,19676094b87f61.png
Kentucky,197672768d813d.png
Kentucky,197672798eb08f.png
Kentucky,19767305d92f05.png
Kentucky,19774840852584.png
Kentucky,19782096ea9a91.png
Kentucky,19782124baf7d8.png
Kentucky,197821672d4c9e.png
Kentucky,19901227f3a0c7.png
Kentucky,19901312ccc491.png
Kentucky,1990759735f1d1.png
Kentucky,19916242897a80.png
Kentucky,19916667a99ad0.png
Kentucky,1b2c24c5a95ecf.jpg
Kentucky,2001500811586c.png
Kentucky,20056148899c8d.png
Kentucky,2005978988fe3d.png
Kentucky,20059970f5d981.png
Kentucky,2016331918ac27.png
Kentucky,20163320df26e4.png
Kentucky,201634187493c4.png
Kentucky,2016344240cfd8.png
Kentucky,201684473c9333.png
Kentucky,201762220f31e6.png
Kentucky,202244076617c3.png
Kentucky,20261340a1ed6a.png
Kentucky,202630406b707e.png
Kentucky,20270026bbf11e.png
Kentucky,202705668904ba.png
Kentucky,203659955026cc.png
Kentucky,203659960dbdac.png
Kentucky,2036957680e6ad.png
Kentucky,20371046dbc223.png
Kentucky,20402741687032.png
Kentucky,2040804894545a.png
Kentucky,204453544e3df6.png
Kentucky,205272342e7a91.png
Kentucky,2052723722f144.png
Kentucky,2052733041ac00.png
Kentucky,2052810028f694.png
Kentucky,20528310b44315.png
Kentucky,20528340fdfab5.png
Kentucky,2060617151ead8.png
Kentucky,20831554495428.png
Kentucky,20851890a115ed.png
Kentucky,208519534f1cf2.png
Kentucky,20851973b4247f.png
Kentucky,20851990fe786f.png
Kentucky,216192709733f5.png
Kentucky,217041262ec2db.png
Kentucky,21705601cfc28c.png
Kentucky,21705806df27a3.png
Kentucky,22cdf7dee67673.jpg
Kentucky,35ad5594796976.jpg
Kentucky,69711c34042520.jpg
Kentucky,bc1e8813662590.jpg
Kentucky,ccf307b67fa273.jpg
Kentucky,ef7154a9f0eace.jpg
Louisiana,1841997194707d.png
Louisiana,18419976d3a85a.png
Louisiana,1842925574818d.png
Louisiana,184292601c9b44.png
Louisiana,18429271ad779b.png
Louisiana,18429282a8bd6e.png
Louisiana,18432443d10cf5.png
Louisiana,184476978bc9e6.png
Louisiana,18538478543abb.png
Louisiana,185507290c676f.png
Louisiana,18550730bad762.png
Louisiana,19073329552815.png
Louisiana,19095485ea7e2a.png
Louisiana,191099314dd317.png
Louisiana,1920839487648a.png
Louisiana,192617852190b0.png
Louisiana,1935196998a9e2.png
Louisiana,193781352b4328.png
Louisiana,1946775901220b.png
Louisiana,194ca34cd74895.jpg
Louisiana,19749614f17eef.png
Louisiana,19758687df3457.png
Louisiana,197956894f36fd.png
Louisiana,198406192da391.png
Louisiana,19851014403291.png
Louisiana,19898622df523a.png
Louisiana,19947196ce6a08.png
Louisiana,20106330fdf0eb.png
Louisiana,20176952a4426b.png
Louisiana,201809320dacfe.png
Louisiana,2022431673a375.png
Louisiana,20224348063554.png
Louisiana,202243504441af.png
Louisiana,20228035ea212e.png
Louisiana,20231234d225d1.png
Louisiana,20263023e5a5d5.png
Louisiana,2026306956d5ea.png
Louisiana,20269887662ca9.png
Louisiana,20270548d73eb7.png
Louisiana,2027057545ba63.png
Louisiana,20277368879295.png
Louisiana,20319602be66ac.png
Louisiana,20326955b33460.png
Louisiana,20326957f37cb8.png
Louisiana,203377763834db.png
Louisiana,20365926f341f0.png
Louisiana,2040808745a8a2.png
Louisiana,20428592e3d7f7.png
Louisiana,20933886748d6d.png
Louisiana,2096819244135b.png
Louisiana,21080367ad018f.png
Louisiana,21188585dd678d.png
Louisiana,2118996526a508.png
Louisiana,2120298339a7a7.png
Louisiana,21300901f87f55.png
Louisiana,21529252491e81.png
Louisiana,21568357d60bcc.png
Louisiana,21619283b9f054.png
Louisiana,21662065722464.png
Louisiana,3e9d0fe8e14417.jpg
Maine,0bc9172a249eb8.jpg
Maine,1168c60b5b4fcc.jpg
Maine,11a640d68a3d4e.jpg
Maine,211966821ef14f.png
Maine,21304251be9d53.png
Maine,2130425313d531.png
Maine,21304257f2221c.png
Maine,21304263c1433b.png
Maine,21320462415cf1.png
Maine,213315564d812f.png
Maine,21331583a66a9f.png
Maine,2133159854fd34.png
Maine,21363690cd468e.png
Maine,21388027f621a0.png
Maine,21417698553071.png
Maine,21439190fa3fb7.png
Maine,21544453b87cb9.png
Maine,215643792ca1f2.png
Maine,21575307580bd0.png
Maine,21575360e38f84.png
Maine,21575396668e8b.png
Maine,215754760250e9.png
Maine,2157551609d6a4.png
Maine,216218986ee47c.png
Maine,21621906d44f4b.png
Maine,21636585259f2f.png
Maine,21636655635f15.png
Maine,21638045465baf.png
Maine,2163812037cad6.png
Maine,216381422025d7.png
Maine,21638161c32bef.png
Maine,2163817106df28.png
Maine,21649406a8d174.png
Maine,216494084a40b6.png
Maine,21687955e09198.png
Maine,216880079a73bd.png
Maine,21688036a155c8.png
Maine,21697407dbbfd9.png
Maine,21704318db4242.png
Maine,21711035b4dc2c.png
Maine,25d280bbdb6b92.jpg
Maine,30281c42aa3be7.jpg
Maine,30c5cb700f65e6.jpg
Maine,36b1855587fdf8.jpg
Maine,3c3bfc825d1dac.jpg
Maine,411203e4b4f528.jpg
Maine,42e46ea98a644e.jpg
Maine,4c5c8e927e164f.jpg
Maine,7f78f9c141561c.jpg
Maine,80281b19313437.jpg
Maine,90c7ecd30ae218.jpg
Maine,9414ad92b0d6fc.jpg
Maine,987cc86919374e.jpg
Maine,9bbf1a89995a7f.jpg
Maine,b151171b27a235.jpg
Maine,cb4e7ad0b3a779.jpg
Maine,e7125e163a4b1a.jpg
Maine,f1065c3b2ab2cb.jpg
Maine,f8ad7abb8b335e.jpg
Maine,fad71324428a4e.jpg
Maryland,02a7f232af186c.jpg
Maryland,055f24ebae6f05.jpg
Maryland,07077aa258b70e.jpg
Maryland,176ea410730cf9.jpg
Maryland,207203858d1718.png
Maryland,207686671cb52e.png
Maryland,208986405a93d1.png
Maryland,20909849cedaf4.png
Maryland,20911985506679.png
Maryland,20917424cd3426.png
Maryland,20920572a7f938.png
Maryland,2092760920dfab.png
Maryland,20927866ad480f.png
Maryland,20933955e938c6.png
Maryland,20935249582dac.png
Maryland,209439412ec6b7.png
Maryland,209439566e5adb.png
Maryland,20963416695a00.png
Maryland,20973367011606.png
Maryland,2101624956ea1d.png
Maryland,21025720c57219.png
Maryland,2114889853d155.png
Maryland,2115230921554b.png
Maryland,211693886c38aa.png
Maryland,2119475834c0e2.png
Maryland,2120005733d111.png
Maryland,21202858435e05.png
Maryland,212073657c0f78.png
Maryland,21208211543732.png
Maryland,212237708e5be1.png
Maryland,21363072a0680d.png
Maryland,2137359505bedb.png
Maryland,21406777847b18.png
Maryland,214286568f11f5.png
Maryland,21497442865c1f.png
Maryland,21511106a0a881.png
Maryland,215458102aba9b.png
Maryland,2157094500b3e7.png
Maryland,215709538ebbbb.png
Maryland,21570956e55c55.png
Maryland,2157096352bb33.png
Maryland,21570968c92bd2.png
Maryland,2157097455bc5d.png
Maryland,21570976f4fc7f.png
Maryland,21570980de61b7.png
Maryland,21570988e149bd.png
Maryland,215709923866aa.png
Maryland,21578749e3e91e.png
Maryland,21586288fe1784.png
Maryland,21671211df4c12.png
Maryland,216966594e95fd.png
Maryland,43af47a39d5dd3.jpg
Maryland,67fe8d74c26700.jpg
Maryland,76da827b7b9113.jpg
Maryland,7eaaca5e8bccfd.jpg
Maryland,81adcdc48acb10.jpg
Maryland,8531dbc7ee958f.jpg
Maryland,91b03f41c43c50.jpg
Maryland,9b2bfc90f5ad71.jpg
Maryland,c721fc8835807c.jpg
Massachusetts,2168498196c631.png
Massachusetts,216849979ea25d.png
Massachusetts,21685092b1ca6f.png
Massachusetts,21685096b3938f.png
Massachusetts,216851332a147c.png
Massachusetts,21685137f5efda.png
Massachusetts,2168514956b192.png
Massachusetts,2168521304b9ba.png
Massachusetts,21685425a487fc.png
Massachusetts,21685473610253.png
Massachusetts,21685488fd7eff.png
Massachusetts,21685515aa4999.png
Massachusetts,216855172c866b.png
Massachusetts,21685554f33664.png
Massachusetts,21685568abb27e.png
Massachusetts,216856764db40e (1).png
Massachusetts,216856764db40e.png
Massachusetts,21685697d60830.png
Massachusetts,21685752da5ea8.png
Massachusetts,21685761fa8904.png
Massachusetts,216857825ea907.png
Massachusetts,21685804849e66.png
Massachusetts,21685822dba38c.png
Massachusetts,21685827c82948.png
Massachusetts,21685898fafc90.png
Massachusetts,216859053282af.png
Massachusetts,2168627824cba2.png
Massachusetts,216874711126e4.png
Massachusetts,21693131d34487.png
Massachusetts,21697331387f3b.png
Massachusetts,216975545f472d.png
Massachusetts,21697555ef4683.png
Massachusetts,2169755820308e.png
Massachusetts,21706394a7a296.png
Massachusetts,2170639986d404.png
Massachusetts,21710305303f0a.png
Massachusetts,21710380c9d929.png
Massachusetts,21710411f4d998.png
Massachusetts,217128185253f4.png
Massachusetts,22a2d7f2cb832e.jpg
Massachusetts,3c4fa8704ccefb.jpg
Massachusetts,3f0ecf180ee435.jpg
Massachusetts,4bccf3b241f414.jpg
Massachusetts,5d3d2f68598d5f.jpg
Massachusetts,6208712b9a9c80.jpg
Massachusetts,65dec736742de6.jpg
Massachusetts,730325d15dc0e4.jpg
Massachusetts,77920b3b9d7c54.jpg
Massachusetts,7c8e5617b22245.jpg
Massachusetts,7dacd0f4f59906.jpg
Massachusetts,7dbec339aaad1d.jpg
Massachusetts,855181245af131.jpg
Massachusetts,8d791f17b6120d.jpg
Massachusetts,955e10d8c790d3.jpg
Massachusetts,9cd174f2a29094.jpg
Massachusetts,a37663da12c93f.jpg
Massachusetts,a528946661c31d.jpg
Massachusetts,a9288278391326.jpg
Massachusetts,abb0bb1ef4473a.jpg
Massachusetts,ad224cddf69163.jpg
Michigan,03c085e46a790e.jpg
Michigan,0601beff06ec10.jpg
Michigan,0cd8ea078c3209.jpg
Michigan,215370262aaa50.png
Michigan,21537036c8c59c.png
Michigan,21537038a012eb.png
Michigan,21537068eed2ea.png
Michigan,2153707061f5e3.png
Michigan,215370735243c4.png
Michigan,21645781b3f4a7.png
Michigan,21649415f2f9ad.png
Michigan,2164941692f670.png
Michigan,21676405203b01.png
Michigan,21676774a797d6.png
Michigan,216802182c26d0.png
Michigan,2168022009f7e0.png
Michigan,216802277bc45a.png
Michigan,2168023121c7e4.png
Michigan,21680232b8a24c.png
Michigan,216802352ce3a0.png
Michigan,216802382f8503.png
Michigan,216802423549f7.png
Michigan,216802588829f6.png
Michigan,21680261a1a031.png
Michigan,2168026485dc43.png
Michigan,21680267760214.png
Michigan,21680279c33293.png
Michigan,2168028417c61b.png
Michigan,21680285c1158c.png
Michigan,21680287dfe37d.png
Michigan,21680289d06344.png
Michigan,216802927e0c1b.png
Michigan,21680295fb79cf.png
Michigan,216802966c2f18.png
Michigan,216802983d6aae.png
Michigan,21680300c8a206.png
Michigan,21680308759b04.png
Michigan,21680316ddd1b1.png
Michigan,216803183e9d63.png
Michigan,216803241414c6.png
Michigan,216803270e0b76.png
Michigan,2168033445177c.png
Michigan,216803360d0ebd.png
Michigan,216803405a9fd4.png
Michigan,217032776ea8a2.png
Michigan,515f382edf973c.jpg
Michigan,62284faf09bbc2.jpg
Michigan,64bc77d29f018d.jpg
Michigan,66426be869ae14.jpg
Michigan,6696ae98a8c5b1.jpg
Michigan,780e7dfb97bed8.jpg
Michigan,b7bab0c853642d.jpg
Michigan,ba897dbff48e22.jpg
Michigan,d8f4e1cb168dc3.jpg
Michigan,dafa681c128a00.jpg
Michigan,dc51a5cd62f9af.jpg
Michigan,f0b3abe1d75df5.jpg
Michigan,f4f8c622f7fff4.jpg
Michigan,f8deadff5441bf.jpg
Michigan,fa30546325d871.jpg
Minnesota,040a32813bbe84.jpg
Minnesota,057d3a162b3357.jpg
Minnesota,0920cf811fdeeb.jpg
Minnesota,094df9110d7e79.jpg
Minnesota,129c2d54573113.jpg
Minnesota,237182c1b48970.jpg
Minnesota,272242610d76e5.jpg
Minnesota,2a7eec2357227a.jpg
Minnesota,2e2bbc700c7d24.jpg
Minnesota,2ff2136b2993cf.jpg
Minnesota,34f44bc0664021.jpg
Minnesota,35765c16351261.jpg
Minnesota,378cec8397f7b7.jpg
Minnesota,389686be880a9f.jpg
Minnesota,397aac4b6a2cf8.jpg
Minnesota,3af70b4d10e918.jpg
Minnesota,3c0165ad6f8a2f.jpg
Minnesota,3dbb7f01b79fbc.jpg
Minnesota,44f0cc566c85fd.jpg
Minnesota,4cd006527d880d.jpg
Minnesota,534e5fd7d0a01b.jpg
Minnesota,57b2e673ce838e.jpg
Minnesota,621337bfed7978.jpg
Minnesota,6416535d810ff0.jpg
Minnesota,6519d1e1bf9bfd.jpg
Minnesota,65dafe2f7ead91.jpg
Minnesota,6d267c84c5c1aa.jpg
Minnesota,702fd7c81008d3.jpg
Minnesota,74cdeae4baff90.jpg
Minnesota,786b93698f6323.jpg
Minnesota,7bfc9938b440c7.jpg
Minnesota,7d59134eb640b4.jpg
Minnesota,81bf02dddc596f.jpg
Minnesota,864adf19419418.jpg
Minnesota,922e3220c30416.jpg
Minnesota,933bad78b1926d.jpg
Minnesota,9457d549d0b705.jpg
Minnesota,97b6c67398d56d.jpg
Minnesota,97e984bd821e01.jpg
Minnesota,9b138f998f3ef8.jpg
Minnesota,9d7d925cd47977.jpg
Minnesota,a6553e804db113.jpg
Minnesota,a94c86d802b248.jpg
Minnesota,ab95a45b6e8e49.jpg
Minnesota,ae4abd6c15ea16.jpg
Minnesota,b3ac5d151a8585.jpg
Minnesota,b93bac475fe7d7.jpg
Minnesota,bbe114773d526f.jpg
Minnesota,bbe9369c7da5f0.jpg
Minnesota,be066afd747104.jpg
Minnesota,beb5faf77327b0.jpg
Minnesota,c3d2d6cc94ee1f.jpg
Minnesota,c6c4834e9fd4af.jpg
Minnesota,c973275da62df4.jpg
Minnesota,d1de5ac2c58506.jpg
Minnesota,d5b769faf29bf1.jpg
Minnesota,d75745d950097a.jpg
Minnesota,d89ec26f13b6ec.jpg
Minnesota,dae7bc356079d6.jpg
Minnesota,e2d4f913ecfe98.jpg
Minnesota,e3a266665885c4.jpg
Minnesota,e8973d0cb7c217.jpg
Minnesota,eed1a60c533b21.jpg
Minnesota,f2d69613dd5445.jpg
Minnesota,f70d37b7d4a4e7.jpg
Minnesota,ff23d2e8d8a9c7.jpg
Mississippi,20163337473cbd.png
Mississippi,201634350dbe25.png
Mississippi,20168375339320.png
Mississippi,201763260ca61f.png
Mississippi,20176840bf11a8.png
Mississippi,20176910e6d20f.png
Mississippi,201769181fcb8c.png
Mississippi,201769537022e9.png
Mississippi,2021621022b539.png
Mississippi,20224342b6512c.png
Mississippi,20224344290855.png
Mississippi,202243551ef626.png
Mississippi,202243628f14a5.png
Mississippi,202286131c97ba.png
Mississippi,2027060401d566.png
Mississippi,20277349b546e0.png
Mississippi,202835239f575e.png
Mississippi,20345168368b7d.png
Mississippi,20351968f7aacf.png
Mississippi,203581558195a4.png
Mississippi,203658456a91e3.png
Mississippi,20376284be7736.png
Mississippi,20501028accf3f.png
Mississippi,20504788c1658c.png
Mississippi,20506362f78d1d.png
Mississippi,205064020319f8.png
Mississippi,205138766617bb.png
Mississippi,20513926fcf2fa.png
Mississippi,205139564d5dbe.png
Mississippi,205241329d19a3.png
Mississippi,205241600e01e2.png
Mississippi,20525952fd4726.png
Mississippi,2053351636924d.png
Mississippi,205357865f4d45.png
Mississippi,20630990c7b1c9.png
Mississippi,20658330006039.png
Mississippi,20658333187f4c.png
Mississippi,20658354df13bf.png
Mississippi,2075188079066e.png
Mississippi,208055829b2b34.png
Mississippi,20909707877303.png
Mississippi,20991086ac0b8f.png
Mississippi,21018181258b6c.png
Mississippi,21030829a09e52.png
Mississippi,210389644b08c9.png
Mississippi,210991169c897f.png
Mississippi,213956835bba92.png
Mississippi,214713981a7999.png
Mississippi,2148117043adf6.png
Mississippi,216765491d97a7.png
Mississippi,21691366961b49.png
Mississippi,21693887162a6d.png
Mississippi,47d240a482b1e0.jpg
Mississippi,61ae10c6bdd1d1.jpg
Mississippi,83fee3efcd5aba.jpg
Mississippi,afa8e2a18fc6b6.jpg
Mississippi,b71a42ab5c1e62.jpg
Mississippi,c9ca0c08b11626.jpg
Mississippi,e5119fbc49a5fa.jpg
Mississippi,fd3ce7f96edc71.jpg
Missouri,04ad2fd1d0b38a.jpg
Missouri,20363934e96845.png
Missouri,20366167506baa.png
Missouri,2040567521d3c0.png
Missouri,20407992d4e34a.png
Missouri,20408070e45cd9.png
Missouri,204356468329d8.png
Missouri,20449683d082d4.png
Missouri,20454254e060b8.png
Missouri,204725488e52be.png
Missouri,205316979645a5.png
Missouri,205693672b226c.png
Missouri,2056936818f12c.png
Missouri,20611835dec8bc.png
Missouri,2064196942d39e.png
Missouri,20725784897011.png
Missouri,20725792518894.png
Missouri,2074887936c61e.png
Missouri,207531831976be.png
Missouri,20804546762499.png
Missouri,20806669f01627.png
Missouri,20808539efee2f.png
Missouri,2082516582be5e.png
Missouri,20850397d2362e.png
Missouri,208588979923d4.png
Missouri,20860109a48e3c.png
Missouri,20862397bc9c2d.png
Missouri,208624057b8e65.png
Missouri,208656195f87e3.png
Missouri,2092066582fa46.png
Missouri,2094631032147d.png
Missouri,209465450682c9.png
Missouri,210458284171be.png
Missouri,210705325ffbe9.png
Missouri,211215850b8362.png
Missouri,2113804112c9ee.png
Missouri,21138070c740e8.png
Missouri,2114661983b849.png
Missouri,21161324c7092c.png
Missouri,21217771628221.png
Missouri,2122513230c70d.png
Missouri,2125078276cb87.png
Missouri,23074d4b0ae51a.jpg
Missouri,3a48bca8bb76b4.jpg
Missouri,4b67a988707592.jpg
Missouri,576e36ee8e44b7.jpg
Missouri,58fdd0022100ec.jpg
Missouri,595960482a766d.jpg
Missouri,5e476e92cafd94.jpg
Missouri,76b4949a959141.jpg
Missouri,832a49dbe4e146.jpg
Missouri,9ac3241d30d854.jpg
Missouri,af9cc4c7b0cd42.jpg
Missouri,bd00b0303ca84a.jpg
Missouri,bd19d5e008b6f2.jpg
Missouri,c2279f4a173509.jpg
Missouri,c2b8a525faa68a.jpg
Missouri,cc4f1a04a7e0dc.jpg
Missouri,e9fdcda4f2d6c5.jpg
Missouri,f3ba17a8f63858.jpg
Montana,2085641552e2cc.png
Montana,20862611f2b37c.png
Montana,2091395133edc8.png
Montana,20914677957e2a.png
Montana,20920907074506.png
Montana,20927080501ec7.png
Montana,209278849dfc16.png
Montana,20935070a21916 (1).png
Montana,20935070a21916.png
Montana,209639763ccef9.png
Montana,20979319c82c3c.png
Montana,2098521668695e.png
Montana,20996438485e37.png
Montana,210023297d3fef.png
Montana,2100529561c60c.png
Montana,21056001dc1b3f.png
Montana,21116786cea43e.png
Montana,21145153fa6374.png
Montana,21160294e87331.png
Montana,21162422aaedaa.png
Montana,21182319ae8de8.png
Montana,2118232952d8c4.png
Montana,21197225f09be8.png
Montana,2120256242dc75.png
Montana,21202631250086.png
Montana,21233338a0edf8.png
Montana,212891013fc8e8.png
Montana,21296023bb92c6.png
Montana,213117099f6303.png
Montana,213280402dd81b.png
Montana,213349805baa0d.png
Montana,2133499357af54.png
Montana,21343987533375.png
Montana,2134405055d7b8.png
Montana,21381689d1b14f.png
Montana,213934474553fb.png
Montana,21680933f9a1a5.png
Montana,21686170f08a76.png
Montana,21705428ec9cd9.png
Montana,21705627a42bb9.png
Montana,21705720a0353c.png
Montana,22865ef17d4e46.jpg
Montana,4a6fcbae384ad6.jpg
Montana,5430984b2187ac.jpg
Montana,549eb0b45eebfb.jpg
Montana,5e005097b25ce2.jpg
Montana,5f75d9ed29a175.jpg
Montana,6041c2cad7335f.jpg
Montana,611420d6e55771.jpg
Montana,99412cac2d7387.jpg
Montana,a5a2ed97926d16.jpg
Montana,a8e4a310edec44.jpg
Montana,d0505d5757be1a.jpg
Montana,de10918118efbe.jpg
Montana,e91ea620abed37.jpg
Montana,e936725efcb537.jpg
Montana,f251e20b86d59d.jpg
Montana,f7125edb3b37d0.jpg
Montana,f99bc727243e5b.jpg
Montana,febd1a7bcd029b.jpg
Nebraska,0202a799bd99a9.jpg
Nebraska,20254190e8c02b.png
Nebraska,20254520ab6e43.png
Nebraska,2025455321ff42.png
Nebraska,20254887b278d4.png
Nebraska,2025495892dc95.png
Nebraska,2026284933216a.png
Nebraska,20262874dd452c.png
Nebraska,20262933c31566.png
Nebraska,20270525b7e732.png
Nebraska,20270537ff698d.png
Nebraska,20282915cb35f0.png
Nebraska,2028296222ea65.png
Nebraska,20300621cf82f8.png
Nebraska,203006496f33b9.png
Nebraska,20300651bf5bf8.png
Nebraska,20308179da14e9.png
Nebraska,20308287fcb693.png
Nebraska,2032111447daa0.png
Nebraska,20321138d06a99.png
Nebraska,20321174ee52cd.png
Nebraska,203211911bbc1d.png
Nebraska,2033123653b85a.png
Nebraska,203710563d8e28.png
Nebraska,20383674342cad.png
Nebraska,20391906eebdd5.png
Nebraska,20408057d89ffd.png
Nebraska,204103647588cf.png
Nebraska,204197666cc04f.png
Nebraska,204225551c94c3.png
Nebraska,2044073062981d.png
Nebraska,2045715489edfd.png
Nebraska,204596205c2d99.png
Nebraska,20921164f8a5e5.png
Nebraska,209278875c5440.png
Nebraska,209302367ca33f.png
Nebraska,20933582acaa20.png
Nebraska,20933883d9c1a0.png
Nebraska,20955409e151ad.png
Nebraska,209659523c877f.png
Nebraska,209823260d80cd.png
Nebraska,21016167fe6bf4.png
Nebraska,21075859927810.png
Nebraska,210892428e7a16.png
Nebraska,2135520420286f.png
Nebraska,21407886c3f679.png
Nebraska,21414345f9b47b.png
Nebraska,214194664d86ab.png
Nebraska,2157310664c689.png
Nebraska,216135952aded8.png
Nebraska,216366854efe0f.png
Nebraska,21660640291eff.png
Nebraska,21671277788076.png
Nebraska,2167128612e329.png
Nebraska,2167174009b789.png
Nebraska,3b2fa1bd326f0c.jpg
Nebraska,57a103526b3399.jpg
Nebraska,58ab3b09f75b4f.jpg
Nebraska,80c9c31f298a7a.jpg
Nebraska,cde60d6e5983aa.jpg
Nevada,00785831993758.jpg
Nevada,04478d7b206dad.jpg
Nevada,083105daa1d726.jpg
Nevada,088318dd6b691c.jpg
Nevada,0d2339e2a1c8f9.jpg
Nevada,1171505c7f1144.jpg
Nevada,1577363fb77dd4.jpg
Nevada,17f2d8680fcbe4.jpg
Nevada,1c466566da3a2e.jpg
Nevada,1df7fd750e7d9f.jpg
Nevada,2ac525fe0a0650.jpg
Nevada,3414ee174dc22b.jpg
Nevada,34c3003d3674c1.jpg
Nevada,3e05cd3f1a164f.jpg
Nevada,3e6106ce3a9350.jpg
Nevada,40f7c937e8f6a9.jpg
Nevada,416053ff273b3c.jpg
Nevada,4224c0b628fd7f.jpg
Nevada,459eb10e4aaf0f.jpg
Nevada,45e2a9860bfb5f.jpg
Nevada,4700e5b288687f.jpg
Nevada,472e5679aa45a5.jpg
Nevada,488ca868e56970.jpg
Nevada,4aa314dae0edd0.jpg
Nevada,4c70b6e7371119.jpg
Nevada,4d8fe9e91a7821.jpg
Nevada,4fb50ec4db43c8.jpg
Nevada,521809fc051d27.jpg
Nevada,532a3348eaae8e.jpg
Nevada,54b861c375f09f.jpg
Nevada,552212cd23b0f8.jpg
Nevada,5d8d84826c784d.jpg
Nevada,69d17df7b1acb5.jpg
Nevada,711ee542f8c0b0.jpg
Nevada,749903cffb7db1.jpg
Nevada,7a1ab5c0ef5288.jpg
Nevada,7dca493002c667.jpg
Nevada,7e30ca4246438b.jpg
Nevada,7e475715fcd17a.jpg
Nevada,86b2d00a7ecb4f.jpg
Nevada,8f4bbdc513167f.jpg
Nevada,90a8bfb11900ef.jpg
Nevada,91e6a1ebaaa6f5.jpg
Nevada,9224f6a87a3013.jpg
Nevada,9ab2d53e738405.jpg
Nevada,9ac846ab43cb59.jpg
Nevada,9f81f79e5b6cfd.jpg
Nevada,a0c6aff64e0a16.jpg
Nevada,a14f0e48cca2c9.jpg
Nevada,a2df273509b7a3.jpg
Nevada,a68ba5048ea632.jpg
Nevada,a9e72956aeab6b.jpg
Nevada,aa1a31813b70c5.jpg
Nevada,b38b45d843c9fb.jpg
Nevada,b3de9214fe5399.jpg
Nevada,b451aa8186f241.jpg
Nevada,b7ca49e8c0006d.jpg
Nevada,bb8fe304434127.jpg
Nevada,c326f027d7c748.jpg
Nevada,d168c8ca19b981.jpg
Nevada,d23ad01b2d21e5.jpg
Nevada,d851f0c0d72f9b.jpg
Nevada,dd4bd4d2f739f4.jpg
Nevada,e217f8432c6161.jpg
Nevada,e43471b9b6318d.jpg
Nevada,e8bcf5192bbbb7.jpg
Nevada,e8ff260a69cb7c.jpg
Nevada,ece9925ee14f49.jpg
Nevada,ffb701b21da4b1.jpg
NewHampshire,08b7a1e0412108.jpg
NewHampshire,0e2f69be1924a3.jpg
NewHampshire,11356048363e21.jpg
NewHampshire,129a3ad14af708.jpg
NewHampshire,1a861b57c392ae.jpg
NewHampshire,211310971fe3af.png
NewHampshire,21132415456a50.png
NewHampshire,21132419f19560.png
NewHampshire,21132425c22966.png
NewHampshire,211461172db68a.png
NewHampshire,21163458749654.png
NewHampshire,212084351ab70a.png
NewHampshire,2121778997139c.png
NewHampshire,2122061170d2b5.png
NewHampshire,212465178bd71d.png
NewHampshire,212465881eb21b.png
NewHampshire,212767317b7447.png
NewHampshire,2135100286b89a.png
NewHampshire,213592751d0312.png
NewHampshire,21398222474de8.png
NewHampshire,214036771cf2dd.png
NewHampshire,21409877c2d873.png
NewHampshire,214144193c8a9e.png
NewHampshire,2141444035edf5.png
NewHampshire,214144472fbbd0.png
NewHampshire,214441819ec824.png
NewHampshire,21446342843233.png
NewHampshire,2145595677651f.png
NewHampshire,21456043224844.png
NewHampshire,214582680a140e.png
NewHampshire,21458280eaf775.png
NewHampshire,21458802d7edb3.png
NewHampshire,21543993054614.png
NewHampshire,2156438518bcf4.png
NewHampshire,21582324c436c8.png
NewHampshire,21582328a56c19.png
NewHampshire,216101603214eb.png
NewHampshire,216975874a970e.png
NewHampshire,217043429f71f9.png
NewHampshire,2cc2c9cd48bb6b.jpg
NewHampshire,7e95f913fbfd47.jpg
NewHampshire,7fff83e7cda559.jpg
NewHampshire,8db03c7461a3d4.jpg
NewHampshire,8e8d296819e4c2.jpg
NewHampshire,9614f25fd5c818.jpg
NewHampshire,99503e337cf713.jpg
NewHampshire,9f387a24fc3210.jpg
NewHampshire,a78cc944763e16.jpg
NewHampshire,c2998a2046c749.jpg
NewHampshire,c73ccdb952c441.jpg
NewHampshire,ca0220f752ab29.jpg
NewHampshire,ce7708d0dbef47.jpg
NewHampshire,d5272e57ed5ff8.jpg
NewHampshire,d5e1dfa7f4efb3.jpg
NewHampshire,d6ba3dca229afc.jpg
NewHampshire,d812fd7dd8ffda.jpg
NewHampshire,f2ec66920a701a.jpg
NewHampshire,f828393ee0819f.jpg
NewHampshire,f899a3b388a360.jpg
NewHampshire,fe8ff0534224c0.jpg
NewJersey,21114424807e3a.png
NewJersey,21125014aa5f05.png
NewJersey,21125025cfdaee.png
NewJersey,21125049fee460.png
NewJersey,21136690be745c.png
NewJersey,21148880f16d91.png
NewJersey,21148920884c72.png
NewJersey,21149031acfd9c.png
NewJersey,21168091eaacfe.png
NewJersey,211875369f271f.png
NewJersey,21246523e8cad6.png
NewJersey,21246536016a5f.png
NewJersey,2124654222a10e.png
NewJersey,21275001e0ab5c.png
NewJersey,2127960568fafc.png
NewJersey,21282069faa72b.png
NewJersey,21330160536154.png
NewJersey,21331545474c6f.png
NewJersey,21373754eae082.png
NewJersey,2137681183e12f.png
NewJersey,21377847c664ce.png
NewJersey,21377848d59c97.png
NewJersey,2154557581f827.png
NewJersey,21680117eda8ae.png
NewJersey,21705584f905ab.png
NewJersey,21705605329eda.png
NewJersey,21705612da9a9a.png
NewJersey,21705725a7ef1f.png
NewJersey,23ccefe4e33ff4.jpg
NewJersey,2637e47332b9bc.jpg
NewJersey,2883aa170cba5c.jpg
NewJersey,2d977be2e80a5f.jpg
NewJersey,2e10eab9dc1ae9.jpg
NewJersey,33efff4f7f52aa.jpg
NewJersey,348a079f3e5a06.jpg
NewJersey,43e3a2f2fe9922.jpg
NewJersey,44234fe80017c0.jpg
NewJersey,52a38de1fac44b.jpg
NewJersey,5ba488569030cf.jpg
NewJersey,5d6ef98e1d038d.jpg
NewJersey,5e77c39c7706c3.jpg
NewJersey,5fcbaf73644337.jpg
NewJersey,62a5cc6ec10019.jpg
NewJersey,66414a842792ae.jpg
NewJersey,67ed6c32ffe32a.jpg
NewJersey,7ef459c267c1f8.jpg
NewJersey,85e84c952a0137.jpg
NewJersey,8f866d52b57e37.jpg
NewJersey,99910855dbb202.jpg
NewJersey,9edf928b6f19a4.jpg
NewJersey,a05cc9b3301267.jpg
NewJersey,b8b30214a06192.jpg
NewJersey,d7f47919a75b94.jpg
NewJersey,d92a39c22613f3.jpg
NewJersey,dac2d9e571b72b.jpg
NewJersey,e1968043465883.jpg
NewJersey,e44049cdf3dbda.jpg
NewJersey,e6e1e6f55466c4.jpg
NewJersey,f3436c2bbaa385.jpg
NewJersey,fd1c6576adff7f.jpg
NewMexico,177463098918ed.png
NewMexico,17795883fddf1e.png
NewMexico,18109295bb5d52.png
NewMexico,1817340658cb4a.png
NewMexico,1866b5ae80961d.jpg
NewMexico,190064774972cf.png
NewMexico,19015770167201.png
NewMexico,19127965ce39e0.png
NewMexico,19131007871d22.png
NewMexico,19131089d65e11.png
NewMexico,1913113186b0cd.png
NewMexico,1913117260d645.png
NewMexico,19131814c361b8.png
NewMexico,191320200376a7.png
NewMexico,19135417f4f8c8.png
NewMexico,19136748495469.png
NewMexico,191369482d75c5.png
NewMexico,1914344359648f.png
NewMexico,191441993310ae.png
NewMexico,19144222a7800d.png
NewMexico,1914423608ea8e.png
NewMexico,19153512ee5109.png
NewMexico,19249700b302e7.png
NewMexico,192556548b4bbd.png
NewMexico,19375182db10f8.png
NewMexico,19383497fa8ed4.png
NewMexico,19452352d0aeea.png
NewMexico,19472954c7531c.png
NewMexico,19481285aece57.png
NewMexico,19487723135a3e.png
NewMexico,19843241e3a350.png
NewMexico,19858641639b3e.png
NewMexico,19859105041029.png
NewMexico,198812754a4b1c.png
NewMexico,19885712699cda.png
NewMexico,19966973b4d333.png
NewMexico,1997332009c40e.png
NewMexico,20079937f6d1dc.png
NewMexico,2049135142148e.png
NewMexico,20511354025b6e.png
NewMexico,20532839973da8.png
NewMexico,205496731390ea.png
NewMexico,20560271643483.png
NewMexico,20664874bcbf51.png
NewMexico,21089369bded32.png
NewMexico,210893856884a0.png
NewMexico,21160603302b13.png
NewMexico,21182615c052dc.png
NewMexico,21213694efc245.png
NewMexico,21263549ae061d.png
NewMexico,21324985603814.png
NewMexico,21406815d5d671.png
NewMexico,3478e89bdf0a96.jpg
NewMexico,541febafbe8500.jpg
NewMexico,ab4e21a3881e45.jpg
NewMexico,aed9e24bce5d85.jpg
NewMexico,b68e42c1d58363.jpg
NewMexico,b846f52abb40f7.jpg
NewMexico,d01f818ee22fc9.jpg
NewMexico,f760e464054a28.jpg
NewYork,21634772f1f087.png
NewYork,21634909cde81f.png
NewYork,216349356fddec.png
NewYork,21635989c3e7cb.png
NewYork,216360165b90b2.png
NewYork,216360326f21fd.png
NewYork,21636097acc4eb.png
NewYork,21638281df4511.png
NewYork,2163830470a8e4.png
NewYork,216383090364a2.png
NewYork,21638316e44004 (1).png
NewYork,21638316e44004.png
NewYork,216383324717af.png
NewYork,2163834258638c.png
NewYork,21638355036b68.png
NewYork,2163835764889c.png
NewYork,216383611a1843.png
NewYork,216383756c3257.png
NewYork,21642435c55842.png
NewYork,216437207f5a91.png
NewYork,21643766f9ec34.png
NewYork,21645620ff7bbe.png
NewYork,216457555a49ed.png
NewYork,2164577683177e.png
NewYork,216457793a9ea9.png
NewYork,21645784f2dca0.png
NewYork,216457937b23fc.png
NewYork,216457942e79c2.png
NewYork,216458551d5ea6.png
NewYork,21645863ef437b.png
NewYork,21645867d42251.png
NewYork,21645887bbbfe4.png
NewYork,2164589146c6f8.png
NewYork,21645898ad0c00.png
NewYork,2164590122b12f.png
NewYork,21645907d796f7.png
NewYork,2164591086a31a.png
NewYork,2164607163972b.png
NewYork,21650467310a38.png
NewYork,216505573c06f0.png
NewYork,21653952012dbe.png
NewYork,21659960ee0dfe.png
NewYork,217056981d3d19.png
NewYork,2170570579dd22.png
NewYork,21705711325c17.png
NewYork,21712531c60e9d.png
NewYork,217128283eda40.png
NewYork,21712835f6946f.png
NewYork,2ad169900a784c.jpg
NewYork,3fd90bb375323e.jpg
NewYork,46f4af6733638e.jpg
NewYork,525ddba7efb806.jpg
NewYork,74f7ff275552d8.jpg
NewYork,9a36be8370ae8a.jpg
NewYork,9e5117ee5fc9da.jpg
NewYork,9eda51aa780328.jpg
NewYork,c6430a02ea4d76.jpg
NewYork,ce93c0a4d9a220.jpg
NewYork,e2144e400b1b81.jpg
NewYork,fd81a99f7f9a42.jpg
NorthCarolina,21350443b774eb.png
NorthCarolina,21350471bd6929.png
NorthCarolina,21351193fd05ae.png
NorthCarolina,21357608ec0a5c.png
NorthCarolina,213576698ce209.png
NorthCarolina,21357700c74cee.png
NorthCarolina,2142121703c247.png
NorthCarolina,214392787e8ce2.png
NorthCarolina,21448061c88989.png
NorthCarolina,21448067f1d19c.png
NorthCarolina,21471349aae61d.png
NorthCarolina,2148221225cf44.png
NorthCarolina,21485815b541be.png
NorthCarolina,21485945bf94ba.png
NorthCarolina,21486512b87a28.png
NorthCarolina,21487068feaaa7.png
NorthCarolina,215077002b5890.png
NorthCarolina,215077201621b8.png
NorthCarolina,215203011612b1.png
NorthCarolina,215203240c891e.png
NorthCarolina,21528876c7d3ae.png
NorthCarolina,215288900c2f03.png
NorthCarolina,2152890100e64c.png
NorthCarolina,215289410bc8e1.png
NorthCarolina,2152912850b585.png
NorthCarolina,21536810a11573.png
NorthCarolina,2153682768471f.png
NorthCarolina,21536844a15c36.png
NorthCarolina,21543663d34ce2.png
NorthCarolina,21549804b60e92.png
NorthCarolina,215518611fd095.png
NorthCarolina,2155448525af43.png
NorthCarolina,21554738ca0d5b.png
NorthCarolina,21556285b442f8.png
NorthCarolina,21556547d2aa42.png
NorthCarolina,21563075da623f.png
NorthCarolina,21563091928c13.png
NorthCarolina,21563112a7169f.png
NorthCarolina,21563133fa25db.png
NorthCarolina,215631595cf5fd.png
NorthCarolina,2156318409c437.png
NorthCarolina,215688592a2056.png
NorthCarolina,215689510129b9.png
NorthCarolina,2156896870410e.png
NorthCarolina,215690666806c6.png
NorthCarolina,21583723bb0d9d.png
NorthCarolina,21583769eebf39.png
NorthCarolina,215857356dc193.png
NorthCarolina,21601076a426b4.png
NorthCarolina,21613544394448.png
NorthCarolina,216201741698f3.png
NorthCarolina,216201814eafe5.png
NorthCarolina,21696702efb44b.png
NorthCarolina,2169672993a87f.png
NorthCarolina,21696828e04b1a.png
NorthCarolina,2170324401e3aa.png
NorthCarolina,21703296041984.png
NorthCarolina,217033155c94fc.png
NorthCarolina,217033196df372.png
NorthCarolina,2170337739bdcc.png
NorthDakota,05b40287679377.jpg
NorthDakota,0bfc77b1553f0b.jpg
NorthDakota,20888209a17633.png
NorthDakota,208883700f17b0.png
NorthDakota,20888866b480ef.png
NorthDakota,208888687de408.png
NorthDakota,2088887271d9fd.png
NorthDakota,208891237b82a3.png
NorthDakota,20889167808b51.png
NorthDakota,20889566776028.png
NorthDakota,20889898cecf64.png
NorthDakota,208903554cf065.png
NorthDakota,20890446b52e9f (1).png
NorthDakota,20890446b52e9f.png
NorthDakota,2089072719b968.png
NorthDakota,208907347f48ed.png
NorthDakota,2089075138f4c4.png
NorthDakota,2089079327a2b3.png
NorthDakota,20890829a1d2c0 (1).png
NorthDakota,20890829a1d2c0.png
NorthDakota,20890891da871a.png
NorthDakota,20890915ece17d (1).png
NorthDakota,20890915ece17d.png
NorthDakota,208909197014b2.png
NorthDakota,208909421b3653.png
NorthDakota,2090173161632b.png
NorthDakota,2090173405e77e.png
NorthDakota,20901743d705e0.png
NorthDakota,20901745555919 (1).png
NorthDakota,20901745555919.png
NorthDakota,209017479b0cfa.png
NorthDakota,2090366680666c.png
NorthDakota,20903675513154.png
NorthDakota,20911756ae9532.png
NorthDakota,2091176699af19.png
NorthDakota,20911770f15e5f.png
NorthDakota,20911780379161.png
NorthDakota,209117820b2868.png
NorthDakota,209117932b1827.png
NorthDakota,20927611f05695.png
NorthDakota,21117555b22b71.png
NorthDakota,211241335015ef.png
NorthDakota,21407881b109b3.png
NorthDakota,214347136f8656.png
NorthDakota,214435014c0b4a.png
NorthDakota,21477992afdd4a.png
NorthDakota,21513024566248.png
NorthDakota,2153680171e2c8.png
NorthDakota,215782051fc8ee.png
NorthDakota,2166960256dbe7.png
NorthDakota,3eda2503b8d745.jpg
NorthDakota,466c18a9a6043b.jpg
NorthDakota,6299c028f052cb.jpg
NorthDakota,6e61053dddf93c.jpg
NorthDakota,88a1f753a83fa4.jpg
NorthDakota,897aa72df28fb0.jpg
NorthDakota,a3cbfb2ef2d161.jpg
NorthDakota,b0cfe4688be995.jpg
NorthDakota,f302e21f343ed1.jpg
NorthDakota,fd6f564c0dc61b.jpg
Ohio,2162982549e081.png
Ohio,2162983081433e.png
Ohio,21632007495f23.png
Ohio,2164419332dfc6.png
Ohio,21665005445d19.png
Ohio,21667962a63144.png
Ohio,21668036d6944e.png
Ohio,21668342b63600.png
Ohio,216683514b2293.png
Ohio,21668383cb8633.png
Ohio,216684499a68d8.png
Ohio,21668543acdf32.png
Ohio,21668611ad775c.png
Ohio,216686366ad230.png
Ohio,21668685f352f1.png
Ohio,21668985c54c0d.png
Ohio,2166901084e962.png
Ohio,2166905740db15.png
Ohio,21669187344565.png
Ohio,21669192e76281.png
Ohio,21669207963ed1.png
Ohio,216692651f8408.png
Ohio,216693461fbce1 (1).png
Ohio,216693461fbce1.png
Ohio,2167171949a804.png
Ohio,216802725be05f.png
Ohio,216803125f79ea.png
Ohio,2168457039152f.png
Ohio,216886599c1d65.png
Ohio,21688665833021.png
Ohio,21688673aeacba.png
Ohio,21688676062175.png
Ohio,2168867932089a.png
Ohio,21688687331cec.png
Ohio,21688700179778.png
Ohio,21688710757706.png
Ohio,21688714e1459d.png
Ohio,2168886431f62d.png
Ohio,2168887221d59b.png
Ohio,2168888058bdaf.png
Ohio,216888902d2c64.png
Ohio,21688910120682.png
Ohio,21688925b616cf.png
Ohio,2168909520ed0b.png
Ohio,216890984dba95.png
Ohio,216891017f6873.png
Ohio,216974066e585c.png
Ohio,2169741360973d.png
Ohio,2169741760a3b9.png
Ohio,21697422a4b29a.png
Ohio,217128238ee6c6.png
Ohio,217213010e7f5c.png
Ohio,217213161625b9.png
Ohio,217213205b45b5.png
Ohio,217213259c2844.png
Ohio,21721331b953a9.png
Ohio,21721333bf1c03.png
Ohio,21721336b5b611.png
Ohio,2172133714f454.png
Ohio,21721356898995.png
Oklahoma,067a9180966ee7.jpg
Oklahoma,096349fddffa09.jpg
Oklahoma,20665816ed909b.png
Oklahoma,2067268435a7e4.png
Oklahoma,2069146135267c.png
Oklahoma,206914898eed96.png
Oklahoma,2070285385f8aa.png
Oklahoma,20704422e19d5e.png
Oklahoma,207083399f232f.png
Oklahoma,2071865473d2e6.png
Oklahoma,2075163684628c.png
Oklahoma,20787117e06e82.png
Oklahoma,20801679acc8be.png
Oklahoma,2080467909bbc3.png
Oklahoma,208279543353ae.png
Oklahoma,20834328be1f2a.png
Oklahoma,208447280bb457.png
Oklahoma,208447327f4079.png
Oklahoma,20933933d607b7.png
Oklahoma,209339593e256a.png
Oklahoma,20933963175045.png
Oklahoma,209520792351d6.png
Oklahoma,210163784ded45.png
Oklahoma,210256925190d0.png
Oklahoma,21085148f6c131.png
Oklahoma,211822449070a1.png
Oklahoma,2118841671b3d0.png
Oklahoma,21235136c64387.png
Oklahoma,21285099ee73e2.png
Oklahoma,213516143d443c.png
Oklahoma,21375061250067.png
Oklahoma,21398540497460.png
Oklahoma,21413031bbf109.png
Oklahoma,2141476952c464.png
Oklahoma,214218933ef9d3.png
Oklahoma,21421925d385a6.png
Oklahoma,2142197289af6b.png
Oklahoma,21654169853f1e.png
Oklahoma,21705404121a4a.png
Oklahoma,21705486bd5755.png
Oklahoma,22341eebc3679e.jpg
Oklahoma,23f636aef518bb.jpg
Oklahoma,3849987a2f5247.jpg
Oklahoma,49eb8cb3b4cb6e.jpg
Oklahoma,4ad6b781477a4d.jpg
Oklahoma,625571b3e3920a.jpg
Oklahoma,62fb01539300f2.jpg
Oklahoma,6d626ee728caa8.jpg
Oklahoma,6e3ee11f026587.jpg
Oklahoma,75196451b56db2.jpg
Oklahoma,7d1873ea69df81.jpg
Oklahoma,7dc50e76e57720.jpg
Oklahoma,838a283c1f4a69.jpg
Oklahoma,8b0df1bb75f715.jpg
Oklahoma,9416700ac94703.jpg
Oklahoma,982fc0fc7e2268.jpg
Oklahoma,a5d855a8224501.jpg
Oklahoma,bed40d89113fef.jpg
Oklahoma,ed790abe0bc1ab.jpg
Oklahoma,f0a3a47faab689.jpg
Oregon,1b089700407743.jpg
Oregon,1c3df64e89f1c5.jpg
Oregon,2040879776cde4.png
Oregon,20418256813781.png
Oregon,204348129a2ef9.png
Oregon,204348176dd685.png
Oregon,2043564362769b.png
Oregon,204823617d0937.png
Oregon,2049095458c1d5.png
Oregon,20501918b1a999.png
Oregon,2050665404eeb1.png
Oregon,20513946fc0524.png
Oregon,205224421086e4.png
Oregon,20524148403f9c.png
Oregon,2053443419fe37.png
Oregon,20553590a04258.png
Oregon,20561144bb9e8b.png
Oregon,205759535cff78.png
Oregon,2060619027b59f.png
Oregon,20612872a8ebc4.png
Oregon,20629873a2a1f6.png
Oregon,206345959179f6.png
Oregon,20641657d5e45f.png
Oregon,206468017a3b41.png
Oregon,2073939912e693.png
Oregon,20750851805e67.png
Oregon,20842018eb31f9.png
Oregon,20852812ffc991.png
Oregon,208678328965bb.png
Oregon,2086916921609d.png
Oregon,208818973ef2f4.png
Oregon,20910432d75a5f.png
Oregon,20910433965c44.png
Oregon,20920705f12e23.png
Oregon,20933894c905e1.png
Oregon,2093389771d4cd.png
Oregon,20939478f713ec.png
Oregon,210d7a4b37f1d6.jpg
Oregon,2150511200a3ac.png
Oregon,21537186f71a69.png
Oregon,215372185da6d2.png
Oregon,21584714f94852.png
Oregon,21636963c23c5b.png
Oregon,334304346f12dd.jpg
Oregon,3b756f05c3f805.jpg
Oregon,5783de97953085.jpg
Oregon,6acbc3cf04047c.jpg
Oregon,75bcbf7a961691.jpg
Oregon,a78234e1843c74.jpg
Oregon,a82dd5287aeae7.jpg
Oregon,a9afba35ca9bcb.jpg
Oregon,b38c1a23429bc1.jpg
Oregon,de6b454e2275a6.jpg
Oregon,dfa9219bc46c5f.jpg
Oregon,e96b7b585b8cb4.jpg
Oregon,ed34551c56bc7d.jpg
Oregon,f6df1ad44d5d61.jpg
Oregon,f82e89a47884f3.jpg
Oregon,f8864dfd661ae0.jpg
Oregon,fa0142b4bef814.jpg
Pennsylvania,02c9a4edb5b80a.jpg
Pennsylvania,075fe35af88f01.jpg
Pennsylvania,077b1d32dacb97.jpg
Pennsylvania,07db7c103eacc0.jpg
Pennsylvania,0e936cecb57004.jpg
Pennsylvania,0ecfedc5235aee.jpg
Pennsylvania,11a3c6931af4e6.jpg
Pennsylvania,17149eeec165ca.jpg
Pennsylvania,175460cc8a5941.jpg
Pennsylvania,1eb24b736810ff.jpg
Pennsylvania,2092f44ac0f878.jpg
Pennsylvania,216932560847d6.png
Pennsylvania,216933029eb99a.png
Pennsylvania,216950590404a4.png
Pennsylvania,21705628964527.png
Pennsylvania,2171104795ab89.png
Pennsylvania,26612eaabd8b7a.jpg
Pennsylvania,27b58116285614.jpg
Pennsylvania,27c1e7187486d2.jpg
Pennsylvania,291cc1d8bfe25a.jpg
Pennsylvania,2b743e9437c571.jpg
Pennsylvania,2c3e41ebb85c53.jpg
Pennsylvania,3084f819148415.jpg
Pennsylvania,34f474d668001e.jpg
Pennsylvania,366fd6be97569c.jpg
Pennsylvania,36cacd85bf4c02.jpg
Pennsylvania,3789a6237a0d4e.jpg
Pennsylvania,3905d43504d158.jpg
Pennsylvania,3a3eedf3fd211c.jpg
Pennsylvania,3a7a0e6f973983.jpg
Pennsylvania,3c05f670a90a7a.jpg
Pennsylvania,3d3615ff773b31.jpg
Pennsylvania,454002f0bcc85f.jpg
Pennsylvania,4dc2772e7e3ddd.jpg
Pennsylvania,4f2e31d32e4f02.jpg
Pennsylvania,5013f0ae76f473.jpg
Pennsylvania,506b85beda68e9.jpg
Pennsylvania,5196fa6dc6b312.jpg
Pennsylvania,53277d8601bd1d.jpg
Pennsylvania,546d5abb722861.jpg
Pennsylvania,5929f4b578b2a9.jpg
Pennsylvania,5bdf65fa29ba20.jpg
Pennsylvania,5fe14c199c5574.jpg
Pennsylvania,705983c9055ba3.jpg
Pennsylvania,719d3424f07f70.jpg
Pennsylvania,7ba7cdef55e2e5.jpg
Pennsylvania,8128c103636827.jpg
Pennsylvania,88f2b2d00a4b73.jpg
Pennsylvania,89bfdc2cad33fd.jpg
Pennsylvania,8caec045384da2.jpg
Pennsylvania,8ddf56acd00a1a.jpg
Pennsylvania,910ef0c41174fd.jpg
Pennsylvania,93b17358af8bda.jpg
Pennsylvania,980a017f5956fb.jpg
Pennsylvania,99421804e36e5e.jpg
Pennsylvania,9e0cc289c1aa5f.jpg
Pennsylvania,a47069a7d78b14.jpg
Pennsylvania,a4ded363c6ba21.jpg
Pennsylvania,a50bf7e1d4dc83.jpg
Pennsylvania,a66857886e79df.jpg
Pennsylvania,b2c7b8a22c63bf.jpg
Pennsylvania,bdb36cb4b9651b.jpg
Pennsylvania,c7c7fe208d8b70.jpg
Pennsylvania,c80d57d58629a5.jpg
Pennsylvania,c82893b58e10d5.jpg
Pennsylvania,cecfbfa1fca472.jpg
Pennsylvania,cf93cc2d09dbca.jpg
Pennsylvania,d091dd62d2a763.jpg
Pennsylvania,d49d72e27be141.jpg
Pennsylvania,d93088954d57b0.jpg
Pennsylvania,da18035d4d8885.jpg
Pennsylvania,dcc3fddd1ec173.jpg
Pennsylvania,ddfe2ce716d9fd.jpg
Pennsylvania,e2d034793b759f.jpg
Pennsylvania,ed1e39ae418587.jpg
Pennsylvania,fa5856b1cc29ed.jpg
Pennsylvania,fabd1d10a7fb75.jpg
RhodeIsland,14ec7fb3894c4d.jpg
RhodeIsland,21125107e2028c.png
RhodeIsland,21287499b21e00.png
RhodeIsland,21289261e2aad4.png
RhodeIsland,21303118ca8093.png
RhodeIsland,21327825ab6e04.png
RhodeIsland,21354177afbebd.png
RhodeIsland,213592651ec87c.png
RhodeIsland,2135928182c764.png
RhodeIsland,213695353e05cb.png
RhodeIsland,213879514efef1.png
RhodeIsland,213881126912eb.png
RhodeIsland,2139508241689a.png
RhodeIsland,21395091b7455d.png
RhodeIsland,213953329402be.png
RhodeIsland,213954070e623b.png
RhodeIsland,21395491e1d175.png
RhodeIsland,213955861647e1.png
RhodeIsland,214029938adfd2.png
RhodeIsland,214030006837ed.png
RhodeIsland,21405691657f86.png
RhodeIsland,21419650de90e5.png
RhodeIsland,2142861120f17a.png
RhodeIsland,21435273361d27.png
RhodeIsland,214360853ab011.png
RhodeIsland,21436455776a03.png
RhodeIsland,214368077ec4ee.png
RhodeIsland,21511135d68d2c.png
RhodeIsland,21529150cffdb8.png
RhodeIsland,215563475c74f4.png
RhodeIsland,21568289fb41db.png
RhodeIsland,21572197313d30.png
RhodeIsland,21617344021c05.png
RhodeIsland,216718203fe69f.png
RhodeIsland,21671828ae746b.png
RhodeIsland,21685115cb3573.png
RhodeIsland,21685865e6201b.png
RhodeIsland,21710438dd890f.png
RhodeIsland,274a45fe6895bd.jpg
RhodeIsland,2c377f5572a2f5.jpg
RhodeIsland,4baa0bc434101b.jpg
RhodeIsland,4e4a5dc6b5679e.jpg
RhodeIsland,5516901c5732b4.jpg
RhodeIsland,596ffd22642547.jpg
RhodeIsland,698b4f0bd509f2.jpg
RhodeIsland,69fc4d89265613.jpg
RhodeIsland,71672c2150a2ed.jpg
RhodeIsland,725950717faff8.jpg
RhodeIsland,7be78ef117a51f.jpg
RhodeIsland,94e8f7e1022509.jpg
RhodeIsland,9b4c40d83ec17b.jpg
RhodeIsland,9eab32a316fb42.jpg
RhodeIsland,a3d9eeec65e9b6.jpg
RhodeIsland,a459fb9620070e.jpg
RhodeIsland,b722261510ac4f.jpg
RhodeIsland,b7b56bc2934d5f.jpg
RhodeIsland,da6362c75ed106.jpg
RhodeIsland,db923f42242e8d.jpg
RhodeIsland,e09b4200317219.jpg
RhodeIsland,f7ca0b828bbdd3.jpg
SouthCarolina,07658b483c218c.jpg
SouthCarolina,216360589fbf96.png
SouthCarolina,2163688632d6bd.png
SouthCarolina,21637117390e86.png
SouthCarolina,2166496748cc9c.png
SouthCarolina,216668795c927c.png
SouthCarolina,216717626c6cd7.png
SouthCarolina,2167651044d44f.png
SouthCarolina,21676526421766.png
SouthCarolina,2167676739b687.png
SouthCarolina,21684184d59938.png
SouthCarolina,216844489677c9.png
SouthCarolina,216907976a1953.png
SouthCarolina,21690817d05b99.png
SouthCarolina,216908316cbbd0.png
SouthCarolina,21690850a951ae.png
SouthCarolina,2169088894a118.png
SouthCarolina,2169090241f0b4.png
SouthCarolina,2169105151831e.png
SouthCarolina,216936538099f5.png
SouthCarolina,21693679df0825.png
SouthCarolina,216937165f9d85.png
SouthCarolina,2169381041c0f8.png
SouthCarolina,21693817a2af9f.png
SouthCarolina,21693841a13740.png
SouthCarolina,21693850914558.png
SouthCarolina,21693892b07a8d.png
SouthCarolina,21693955882ed8.png
SouthCarolina,21695396b47730.png
SouthCarolina,21695446c18b0f.png
SouthCarolina,216954532572ca.png
SouthCarolina,21696514af9bdc.png
SouthCarolina,21696547c048fa.png
SouthCarolina,216966018b67c9.png
SouthCarolina,21696606e6937a.png
SouthCarolina,216966136a6503.png
SouthCarolina,21696620fdc89e.png
SouthCarolina,21696642e5fff1.png
SouthCarolina,217041747895b2.png
SouthCarolina,217100824b9f51.png
SouthCarolina,217123508e665c.png
SouthCarolina,2171238327863d.png
SouthCarolina,217124183a8550.png
SouthCarolina,217124709693b2.png
SouthCarolina,2c53be5333f99e.jpg
SouthCarolina,4ecfebe697321c.jpg
SouthCarolina,515da0153bffef.jpg
SouthCarolina,5b23eb8423f8ac.jpg
SouthCarolina,6f0da34617be7c.jpg
SouthCarolina,776fbeb623dfbb.jpg
SouthCarolina,7a2fc3d8200a98.jpg
SouthCarolina,7bd537fed5f061.jpg
SouthCarolina,8b69303a9439ad.jpg
SouthCarolina,97ad1db32237a5.jpg
SouthCarolina,a464cdbb342989.jpg
SouthCarolina,b9d9f962d0a29e.jpg
SouthCarolina,da041c611ead0b.jpg
SouthCarolina,e09fed5342cc43.jpg
SouthCarolina,f4b9a282951180.jpg
SouthCarolina,f65dd0e4bcb501.jpg
SouthDakota,0af0d0dd8dcf67.jpg
SouthDakota,18d283205e0251.jpg
SouthDakota,204171953eb274.png
SouthDakota,20417198ab1b2c.png
SouthDakota,2041720378675e.png
SouthDakota,2042132716219f.png
SouthDakota,204213411ff1a6.png
SouthDakota,20422587dfaff2.png
SouthDakota,20422660904199.png
SouthDakota,2042266129ae37.png
SouthDakota,20422667ab4c3e.png
SouthDakota,20422671e0bb92.png
SouthDakota,204226742f71ed.png
SouthDakota,20422710c916bb.png
SouthDakota,2042272222c928 (1).png
SouthDakota,2042272222c928.png
SouthDakota,20422727a6103d.png
SouthDakota,20422739fc3ef7.png
SouthDakota,20422752300557.png
SouthDakota,20422757b46d1a.png
SouthDakota,20422775c6c9f9.png
SouthDakota,20422779559560.png
SouthDakota,20423162c2434a.png
SouthDakota,20423172d0226e.png
SouthDakota,2042859389afd7.png
SouthDakota,20434820369f83.png
SouthDakota,2044386445891e.png
SouthDakota,20443874382b41.png
SouthDakota,20444036f31d45 (1).png
SouthDakota,20444036f31d45.png
SouthDakota,20449620c4a059 (1).png
SouthDakota,20449620c4a059.png
SouthDakota,204509930636cb.png
SouthDakota,2045795135d497.png
SouthDakota,20461723c52b8e.png
SouthDakota,204664579c20d8.png
SouthDakota,2047545792b2de.png
SouthDakota,204823726765e5.png
SouthDakota,20495748c4a6e7.png
SouthDakota,21340633d74659.png
SouthDakota,214150692dcad8.png
SouthDakota,21415288b7714e.png
SouthDakota,215109878d2580.png
SouthDakota,215200985445ae.png
SouthDakota,317339ebc634a1.jpg
SouthDakota,3b900e6a454760.jpg
SouthDakota,4be6aabc014174.jpg
SouthDakota,5ce0d2b8a028f8.jpg
SouthDakota,829f5966c712a1.jpg
SouthDakota,874d6badf7db04.jpg
SouthDakota,99005d5b42a8b7.jpg
SouthDakota,99c73aaf311d75.jpg
SouthDakota,9fb4c523f96410.jpg
SouthDakota,b0b11f99d171de.jpg
SouthDakota,c55a1d50c65f5c.jpg
SouthDakota,d11e2d8aff2f2a.jpg
SouthDakota,e0a2bee82c7b29.jpg
SouthDakota,f0d52c7d9c37f9.jpg
SouthDakota,f2f080b3f0a800.jpg
SouthDakota,ff1c469b6d9a4b.jpg
Tennessee,03c0ba0c5fd022.jpg
Tennessee,0ab3b8e8b2d860.jpg
Tennessee,0b8991ae8d30e5.jpg
Tennessee,0d17122b35bee7.jpg
Tennessee,0f92b32c25ec92.jpg
Tennessee,12c027312b9b4c.jpg
Tennessee,13899b2761e41e.jpg
Tennessee,1db63d1d4cd619.jpg
Tennessee,22f947969aa15d.jpg
Tennessee,24ceddf691f2ae.jpg
Tennessee,2676cb54d5dec1.jpg
Tennessee,2a081c3e83b690.jpg
Tennessee,2b88f9868d7150.jpg
Tennessee,2c16b1d9d8aff6.jpg
Tennessee,2ee38617d9ed81.jpg
Tennessee,301b6432356d79.jpg
Tennessee,3064fbdf658c96.jpg
Tennessee,346149f7839bfc.jpg
Tennessee,36f2c53caf65e9.jpg
Tennessee,3ff5638700d909.jpg
Tennessee,48728a0f1f9dd5.jpg
Tennessee,4cb62e0dbf487a.jpg
Tennessee,504ba7267cfeee.jpg
Tennessee,54de8c8e9a311d.jpg
Tennessee,558ab36a49fd78.jpg
Tennessee,57407b08fd4934.jpg
Tennessee,5b636bab1e624a.jpg
Tennessee,5c2757104cb5ae.jpg
Tennessee,63f0071acbd865.jpg
Tennessee,6e29aee66bd427.jpg
Tennessee,749309565e0307.jpg
Tennessee,770313fddbcc3f.jpg
Tennessee,7d68994a9fc63b.jpg
Tennessee,7f4fde03b8a65e.jpg
Tennessee,80a36e95ab8c1f.jpg
Tennessee,82d8239d5744a7.jpg
Tennessee,89a1e64760c406.jpg
Tennessee,8a9bba6b3cd14f.jpg
Tennessee,91f91c02902645.jpg
Tennessee,9ee767b23a8118.jpg
Tennessee,a056177de8e60c.jpg
Tennessee,a3206f6bf67c35.jpg
Tennessee,a5a535b1308a41.jpg
Tennessee,a77efb3f136a00.jpg
Tennessee,a805d7d46967bc.jpg
Tennessee,d2e175fdfde6bc.jpg
Tennessee,d3c44b227acc2d.jpg
Tennessee,d414234ad63754.jpg
Tennessee,d5e80b5c5b8ce9.jpg
Tennessee,d73a3f86023809.jpg
Tennessee,dee7ce5c78f154.jpg
Tennessee,dfe5546be65d89.jpg
Tennessee,e00a5b01115913.jpg
Tennessee,e02f184c4cd7b9.jpg
Tennessee,e84520dfa9a31f.jpg
Tennessee,ecb4104d4ad0d2.jpg
Tennessee,f1b8b2c353bae2.jpg
Tennessee,f1c0bd17121d6d.jpg
Tennessee,f1dfad34bc69c1.jpg
Tennessee,f57e8a1745a812.jpg
Tennessee,f785acf60a2be1.jpg
Tennessee,f92575ef4def01.jpg
Tennessee,fdb474f76a327d.jpg
Tennessee,fe60241112528f.jpg
Texas,0190bc93279347.jpg
Texas,028ecafb948eb7.jpg
Texas,07d3f5dff41d7c.jpg
Texas,084c3a408253a7.jpg
Texas,0d6b18d3be9e2f.jpg
Texas,135c4f6fe6f5f8.jpg
Texas,17ec24cee560fb.jpg
Texas,1bce4eb8be0823.jpg
Texas,1c4109db583b8e.jpg
Texas,1d7fa631059d7b.jpg
Texas,21706588102a81.png
Texas,21709992a081ee.png
Texas,21710069d87f3f.png
Texas,21710397827722.png
Texas,21711514908d66.png
Texas,21712577bce639.png
Texas,238448a2090104.jpg
Texas,33fa11fde49e2e.jpg
Texas,38d4abf924373d.jpg
Texas,3d27b7797700d6.jpg
Texas,3ea9cd9883250b.jpg
Texas,3fdb70f9ea1823.jpg
Texas,4335bad207530f.jpg
Texas,4a9b9362383dad.jpg
Texas,4b23cdb51e9b74.jpg
Texas,4d05a08db014b6.jpg
Texas,60a53a554c8004.jpg
Texas,65a414e7e4ca21.jpg
Texas,690ef6a7c611a0.jpg
Texas,6f041c9d4cb032.jpg
Texas,6fd27dd6cd73c5.jpg
Texas,70d6ee75c62c00.jpg
Texas,76b852bb2772c9.jpg
Texas,7c6835e8ca8706.jpg
Texas,7e826185154e34.jpg
Texas,8812b0e26f09e0.jpg
Texas,908470a26d3bc6.jpg
Texas,913b0940245081.jpg
Texas,91e150cc4f951c.jpg
Texas,921bf72d7c5ee8.jpg
Texas,926e1f42bfa087.jpg
Texas,9692c60526527a.jpg
Texas,9b432b387ee9d8.jpg
Texas,9f3d8b7f9cbd6e.jpg
Texas,a06c8f9ac9a99f.jpg
Texas,a118e6f776983a.jpg
Texas,a360d2a522b544.jpg
Texas,ab0496277e32e9.jpg
Texas,acebffc06e44cc.jpg
Texas,ae423ec9145600.jpg
Texas,afa81226ccb7db.jpg
Texas,b0d64b96b01101.jpg
Texas,b154b58f1b6d67.jpg
Texas,b5af2b83a77ba2.jpg
Texas,b5c44cabcbcbfa.jpg
Texas,ba23d16381e9ec.jpg
Texas,bad729ccc79392.jpg
Texas,bcca54e2159319.jpg
Texas,c1eba22a692c6f.jpg
Texas,c8512ef46a7236.jpg
Texas,c8c1aecf25c09d.jpg
Texas,ca4e0aa6d41958.jpg
Texas,cb6d31267dd961.jpg
Texas,d24fe77147304a.jpg
Texas,d3f1d623d8900f.jpg
Texas,db79201e19bed8.jpg
Texas,df8bd0b89c4550.jpg
Texas,e0e6f21146b1a5.jpg
Texas,e2c3ca9317f112.jpg
Texas,e5259dca568040.jpg
Texas,ea2ca2b3e1af51.jpg
Texas,eb941c265bb61e.jpg
Texas,f2a3150e56cdd6.jpg
Texas,f746cadd823639.jpg
Texas,f7f680b6b7da10.jpg
Texas,f8d3722ddc004f.jpg
Utah,203147751bd62d.png
Utah,20315090805af6.png
Utah,20315092bb8255.png
Utah,20325114299ea3.png
Utah,2032512344308d.png
Utah,20328411eaef42.png
Utah,20348066d6256b.png
Utah,20348070415186.png
Utah,20357463508413.png
Utah,203605581ec7f4.png
Utah,20365988d762d2.png
Utah,20381586653d12.png
Utah,20396940986289.png
Utah,2042860068dcba.png
Utah,205286699fd3dc.png
Utah,20532061c23a60.png
Utah,20577256bf73af.png
Utah,20606101dd0cdf.png
Utah,20629513fab073.png
Utah,2063955159893f.png
Utah,2065852265eb01.png
Utah,206585418682a0.png
Utah,2067006331fea6.png
Utah,20679412623496.png
Utah,206950917ba312.png
Utah,20695110f17ecb.png
Utah,207044452017d8.png
Utah,20704452529b2f.png
Utah,20715228fc64f6.png
Utah,20776075005790.png
Utah,20884882e7accc.png
Utah,20907543c45368.png
Utah,20911626bec42f.png
Utah,209141059cd760.png
Utah,2092070152802a.png
Utah,20926361dafa88.png
Utah,2092781509c764.png
Utah,20933564f9cff8.png
Utah,209432339f7130.png
Utah,2095848658cfc3.png
Utah,21004183d517f0.png
Utah,210051271fc317.png
Utah,210052600be2db.png
Utah,2102047503eef9.png
Utah,2106243793b901.png
Utah,21075179578007.png
Utah,210935252f1a4e.png
Utah,211097361b8f3f.png
Utah,2147548414d20c.png
Utah,21479463baf4aa.png
Utah,2150766035a6a2.png
Utah,215205876b8b96.png
Utah,21549566e25f7d.png
Utah,2160316429fb2a.png
Utah,2163866208278e.png
Utah,21693223f99adc.png
Utah,65b09397bdddf3.jpg
Utah,6fad048bbe77a0.jpg
Utah,9cdce10764ea38.jpg
Utah,a04c890f6b936a.jpg
Vermont,0770ad9952c5f5.jpg
Vermont,14909d1c9d5dcd.jpg
Vermont,196c310d2fc5d8.jpg
Vermont,1c5181c0b7ffff.jpg
Vermont,2161911780fec0.png
Vermont,21619172c0b02b.png
Vermont,2161917991e1cb.png
Vermont,21619241b694d5 (1).png
Vermont,21619241b694d5.png
Vermont,21619256d15ff6.png
Vermont,21619293a0e546 (1).png
Vermont,21619293a0e546.png
Vermont,21619345512d82 (1).png
Vermont,21619345512d82.png
Vermont,21619358b52587.png
Vermont,21619380f65b49.png
Vermont,216194138f5d3d.png
Vermont,21619456098bb0.png
Vermont,2161948697451c.png
Vermont,216195018abb27.png
Vermont,21619555dbb071.png
Vermont,21629744a9b016.png
Vermont,21629746eaa9db.png
Vermont,216297513a92b4 (1).png
Vermont,216297513a92b4.png
Vermont,21629762b4bc9a.png
Vermont,21636484570bba.png
Vermont,216364954b9935.png
Vermont,2163651575e51f.png
Vermont,216365193e040d (1).png
Vermont,216365193e040d.png
Vermont,21636541e653e3.png
Vermont,21636630090d41.png
Vermont,216366458f4cef.png
Vermont,216366661ddd9b.png
Vermont,21638232a3cbba.png
Vermont,216424089ffd23.png
Vermont,2171290995c1ae.png
Vermont,21712913fb55bf.png
Vermont,21712918acddf2.png
Vermont,2171292196785e.png
Vermont,217129308f312e.png
Vermont,22e19e00fac1fa.jpg
Vermont,2fda30d5e9d629.jpg
Vermont,31cedf55b7866b.jpg
Vermont,57828bf10e42ca.jpg
Vermont,5f431f385ef48b.jpg
Vermont,6361fc8f82e3c0.jpg
Vermont,63c22e0e3874e0.jpg
Vermont,703c71cad584ae.jpg
Vermont,875e38a72ed72e.jpg
Vermont,98a224cca4282c.jpg
Vermont,c7ec8309b85a1c.jpg
Vermont,d1a28409f38d4d.jpg
Vermont,d313026cffe30c.jpg
Vermont,d3906b56c5005a.jpg
Vermont,e42e2929b38b8b.jpg
Vermont,edd68160e0bd30.jpg
Vermont,f6226e54bcc982.jpg
Vermont,fa20c37ba87478.jpg
Virginia,20664904d9452a.png
Virginia,20715311499577.png
Virginia,20718681c2d7f5.png
Virginia,2072037643fdac.png
Virginia,20725763f214d0.png
Virginia,208489945d5253.png
Virginia,20867801409656.png
Virginia,20868316ee17ae.png
Virginia,2086831790c618.png
Virginia,20881695bccc3b.png
Virginia,208896971181a5.png
Virginia,20901882b22db1.png
Virginia,20920650fd64b8.png
Virginia,209521013234c8.png
Virginia,211324200bee62.png
Virginia,21145201032721.png
Virginia,21169484830167.png
Virginia,211896190eaa53.png
Virginia,21307359c40458 (1).png
Virginia,21307359c40458.png
Virginia,213073668cf0bc (1).png
Virginia,213073668cf0bc.png
Virginia,213107406379b8.png
Virginia,21341379e3d011.png
Virginia,2135043190ff76 (1).png
Virginia,2135043190ff76.png
Virginia,2136124149139a (1).png
Virginia,2136124149139a.png
Virginia,21371781ce7e57.png
Virginia,21373710df9ea4 (1).png
Virginia,21373710df9ea4.png
Virginia,2137860244f24e.png
Virginia,21414330177862.png
Virginia,21414728816b5a.png
Virginia,21428579967fc4.png
Virginia,21432107e21d91.png
Virginia,2143369641e0ca.png
Virginia,21530871a30397.png
Virginia,215368082921d7.png
Virginia,2154563944488e.png
Virginia,2154580296270a.png
Virginia,215563528a819d.png
Virginia,2164422937a558.png
Virginia,21652196edae66.png
Virginia,21664893be7046.png
Virginia,21693742b9cbcd.png
Virginia,21697317c5f6c8.png
Virginia,21699864f6fcd6.png
Virginia,21708407eb8f44.png
Virginia,29e2236e465aaf.jpg
Virginia,45f3f4c74ff0f6.jpg
Virginia,614b338509bedb.jpg
Virginia,62990e755ac92f.jpg
Virginia,8a11892ecc8d68.jpg
Virginia,a110ec37e7ec51.jpg
Virginia,a58fc637c86ac5.jpg
Virginia,a6a7431a06976e.jpg
Virginia,b1b47d79cd01b9.jpg
Virginia,b8efcbdf076be2.jpg
Virginia,c9d0f2728f5a1c.jpg
Washington,01cc4e846da00d.jpg
Washington,0aa2384886a793.jpg
Washington,202705530c8624.png
Washington,20284499d0d2dd.png
Washington,20435656f854f8.png
Washington,2044341482897e.png
Washington,204434537c6da8.png
Washington,204682353ecec3.png
Washington,204682488a3419.png
Washington,204695126c79e9.png
Washington,2071529791738d.png
Washington,207155648b99a4.png
Washington,208943622a6e47.png
Washington,209206624e95eb.png
Washington,20927530c2d01d.png
Washington,20952090dbeade.png
Washington,2097337758f602.png
Washington,2098346307b989.png
Washington,2112785129109e.png
Washington,211313230b2b29.png
Washington,21135200d8ceab.png
Washington,2114106999471a.png
Washington,21180616b2ede0.png
Washington,21659749d99d69.png
Washington,21676308634106.png
Washington,216850181cd7c8.png
Washington,21705848ebedce.png
Washington,3389133436e736.jpg
Washington,383d29a714d987.jpg
Washington,3ac8f232ec6c92.jpg
Washington,3e8d2c7ef82055.jpg
Washington,4b1f57177327ed.jpg
Washington,4ed9656a5fd7b4.jpg
Washington,543a9285ecb9c0.jpg
Washington,5735daf402638b.jpg
Washington,59c07af9d40cf6.jpg
Washington,60c367eebb90b1.jpg
Washington,68a8afe4b9a485.jpg
Washington,69407bbbd15179.jpg
Washington,6ee5f92708cc5a.jpg
Washington,72605aa6de7c2d.jpg
Washington,73e9b10fd8370d.jpg
Washington,782412eb0d2fb4.jpg
Washington,7b6229b90d079a.jpg
Washington,7e74946c4713ed.jpg
Washington,7eaa8d38d33fb0.jpg
Washington,830895b74d7ae7.jpg
Washington,8738abf8d58407.jpg
Washington,8e0f3e910f5c18.jpg
Washington,902f235640a042.jpg
Washington,92e3c55fb15188.jpg
Washington,a61a97d6b389b5.jpg
Washington,cd986f8eac64da.jpg
Washington,e5a79335d10eb1.jpg
Washington,e754fbb87d3e3b.jpg
Washington,eb6575df4b6bda.jpg
Washington,f12135173d5272.jpg
Washington,f2e5c9d2e166a8.jpg
Washington,f7b8ae45786747.jpg
Washington,fdd97f3d491eb9.jpg
WashingtonDC,0e7c41268f36f3.jpg
WashingtonDC,10f0bbdb21c3d7.jpg
WashingtonDC,111bd82f415c2a.jpg
WashingtonDC,202665656be9a9.png
WashingtonDC,20266572c5b312.png
WashingtonDC,20266584ff227c.png
WashingtonDC,2028939371f76a.png
WashingtonDC,202945853c1cd5.png
WashingtonDC,202946264a403e.png
WashingtonDC,20294628fd4233.png
WashingtonDC,202946326f7e96.png
WashingtonDC,20294641ed5b66.png
WashingtonDC,20346149bc3ae9.png
WashingtonDC,20346151e6023a.png
WashingtonDC,203461674d949b (1).png
WashingtonDC,203461674d949b.png
WashingtonDC,20350847f0843c.png
WashingtonDC,20350853b84ade.png
WashingtonDC,203611220f417e.png
WashingtonDC,2037190434b00b.png
WashingtonDC,203719061061b9.png
WashingtonDC,20378993716ad4.png
WashingtonDC,20378995b43d96.png
WashingtonDC,203789994a1c3c.png
WashingtonDC,203790043a9038.png
WashingtonDC,203836686bc211.png
WashingtonDC,2038367067b2da.png
WashingtonDC,20383671c3501e.png
WashingtonDC,20383673345d89.png
WashingtonDC,2039287381c42d.png
WashingtonDC,20407627c11583.png
WashingtonDC,20435389372a87.png
WashingtonDC,205456147f89b2.png
WashingtonDC,205714384ec339.png
WashingtonDC,20588951070c0f.png
WashingtonDC,20731532e526ac.png
WashingtonDC,2150516531261d.png
WashingtonDC,21574603c67706.png
WashingtonDC,215777838d499c.png
WashingtonDC,21637777bc790f.png
WashingtonDC,21654179694dd8.png
WashingtonDC,2715914011ea74.jpg
WashingtonDC,280823b3a21974.jpg
WashingtonDC,29f5c94237e3d9.jpg
WashingtonDC,3cccfd595d4ce4.jpg
WashingtonDC,49b140cb8fccc8.jpg
WashingtonDC,4d7f27d179c00b.jpg
WashingtonDC,541d05fb276947.jpg
WashingtonDC,80ccc20569905c.jpg
WashingtonDC,91b74c24d4e2e3.jpg
WashingtonDC,98b31f0b0c602b.jpg
WashingtonDC,a8e1afb1cd9474.jpg
WashingtonDC,b8df16f4507988.jpg
WashingtonDC,c55de165beaf2b.jpg
WashingtonDC,c8d121f4eb1562.jpg
WashingtonDC,ca4227871c4dbd.jpg
WashingtonDC,e9edea331e422b.jpg
WashingtonDC,ec257a77e68cdf.jpg
WashingtonDC,ef000b75c205d0.jpg
WashingtonDC,f8e5cf95d187c6.jpg
WestVirginia,0071fdc0884ec6.jpg
WestVirginia,05a2e6e2a794a9.jpg
WestVirginia,0933215746df52.jpg
WestVirginia,112186a94ed4c1.jpg
WestVirginia,14c617a31eb998.jpg
WestVirginia,18bbce21aeb75a.jpg
WestVirginia,22dbd9ffae25bd.jpg
WestVirginia,240634a21809c7.jpg
WestVirginia,24eb7c5509cc6a.jpg
WestVirginia,265bb2bf57dead.jpg
WestVirginia,27ee15f1d10095.jpg
WestVirginia,2accdb6a23dace.jpg
WestVirginia,2ae95b4568578f.jpg
WestVirginia,2c47d3f9d56450.jpg
WestVirginia,2e8660710a2aff.jpg
WestVirginia,326bc5429598fe.jpg
WestVirginia,33bb8a5ab18bf2.jpg
WestVirginia,35b644a0d71d3b.jpg
WestVirginia,3669f1ac92db69.jpg
WestVirginia,39088fbb95477e.jpg
WestVirginia,3a23a0d8ae9a45.jpg
WestVirginia,3a5b005f96a291.jpg
WestVirginia,3d32819f3a8b54.jpg
WestVirginia,3f7ecf970b2e52.jpg
WestVirginia,43bac0ebb1e994.jpg
WestVirginia,490537998791c4.jpg
WestVirginia,4b4bf0315b6e1d.jpg
WestVirginia,4b4cb0e205a705.jpg
WestVirginia,4c8da3237724b5.jpg
WestVirginia,4fd4943ca9e1e4.jpg
WestVirginia,522de73576d5cf.jpg
WestVirginia,5379fa55103086.jpg
WestVirginia,53a5223c378b2e.jpg
WestVirginia,56fc18fce89a75.jpg
WestVirginia,583182209cf9a5.jpg
WestVirginia,587114eb334ddc.jpg
WestVirginia,5a42f28d566096.jpg
WestVirginia,5a61d3dd238b61.jpg
WestVirginia,5b1ac5ca8318a7.jpg
WestVirginia,5c736fb0420a9b.jpg
WestVirginia,5c84c082253996.jpg
WestVirginia,5ca4fd2b1120ad.jpg
WestVirginia,5eebfd3e3606fb.jpg
WestVirginia,63b65a6ac03ce0.jpg
WestVirginia,67bee3aa0dab3a.jpg
WestVirginia,693cf99c285146.jpg
WestVirginia,694de887954ccb.jpg
WestVirginia,6b10be4827bea0.jpg
WestVirginia,71c9991e210619.jpg
WestVirginia,7716058ddfbc6d.jpg
WestVirginia,79185426b9574a.jpg
WestVirginia,7f1ac959b890dd.jpg
WestVirginia,7f43bbb4ef1b7e.jpg
WestVirginia,7fd7168e668138.jpg
WestVirginia,806ddeed9867ac.jpg
WestVirginia,82808362548434.jpg
WestVirginia,84e660b85994eb.jpg
WestVirginia,8b8b798f5a9b49.jpg
WestVirginia,8b90cd07fef70a.jpg
WestVirginia,8d4b4db78535bc.jpg
WestVirginia,8e24855683316f.jpg
WestVirginia,8ed62cfa56ea91.jpg
WestVirginia,92390364c65d7a.jpg
WestVirginia,9577ef6cf69c67.jpg
WestVirginia,9ea45f46796bc0.jpg
WestVirginia,a1169f6b492ecd.jpg
WestVirginia,a33f0b4233c6ce.jpg
WestVirginia,a6b9c0d2dcf18f.jpg
WestVirginia,a728e3d2c33e7a.jpg
WestVirginia,ae7602227ae5fe.jpg
WestVirginia,af54cc5c3140fd.jpg
WestVirginia,b08548d81f5c18.jpg
WestVirginia,b0aa6fe56fdb79.jpg
WestVirginia,b4a6bfba3b5079.jpg
WestVirginia,b55b4e15a3d098.jpg
WestVirginia,b5fc205b0aa120.jpg
WestVirginia,b89a7d06f7fdfb.jpg
WestVirginia,b8d385fa509150.jpg
WestVirginia,be1e748bb7b736.jpg
WestVirginia,be688b75e433ab.jpg
WestVirginia,bf7262e688a674.jpg
WestVirginia,c907d2ec9475a0.jpg
WestVirginia,c98a8ebcd49ec3.jpg
WestVirginia,cfd45e35f9f602.jpg
WestVirginia,d078857027c1c2.jpg
WestVirginia,d2cad2fe8d25a9.jpg
WestVirginia,d75ddc9abf7b62.jpg
WestVirginia,d7756441fc619c.jpg
WestVirginia,d85b78a54353dd.jpg
WestVirginia,dd34474b0527b7.jpg
WestVirginia,e05a2fa478e517.jpg
WestVirginia,e17143b4eb64b6.jpg
WestVirginia,e4fb88cb8e2557.jpg
WestVirginia,e65bcd78f8e41d.jpg
WestVirginia,e6d1e03fa273ff.jpg
WestVirginia,ea47d5ea51cdba.jpg
WestVirginia,ea59531ebc20fc.jpg
WestVirginia,eb0be4fa17846d.jpg
WestVirginia,f7166c5bd3102d.jpg
WestVirginia,f87fb7dabb15b9.jpg
WestVirginia,f9f1e7040e15a9.jpg
WestVirginia,fa628a8b86c6fe.jpg
WestVirginia,ff7035b29cf41b.jpg
Wisconsin,21117318141ee7.png
Wisconsin,21117464cb2d3c.png
Wisconsin,211245799bc69b.png
Wisconsin,211245859c7790.png
Wisconsin,21124588cfc9b1.png
Wisconsin,21124602497b97.png
Wisconsin,2112462036e50f.png
Wisconsin,211246324ef94c.png
Wisconsin,2112464724ebda.png
Wisconsin,2112467137b926.png
Wisconsin,211246754d8a97.png
Wisconsin,211246812c52e2.png
Wisconsin,211246831c4e70.png
Wisconsin,2112472180b0b9.png
Wisconsin,211247246baf8a.png
Wisconsin,211313162313e9.png
Wisconsin,211313433ec8b2.png
Wisconsin,211313508abe1c.png
Wisconsin,2113135227ea5e.png
Wisconsin,2113135445b334.png
Wisconsin,21131381f94e00.png
Wisconsin,21137046e0beb8.png
Wisconsin,21137055a51ce6.png
Wisconsin,21137064225218.png
Wisconsin,211370789cb9fb.png
Wisconsin,21137087baf3d8.png
Wisconsin,211370929eda0e.png
Wisconsin,21137252236e86.png
Wisconsin,2113726508bac2.png
Wisconsin,2114481289ab1f (1).png
Wisconsin,2114481289ab1f.png
Wisconsin,211448259d68e9.png
Wisconsin,211606184c4452.png
Wisconsin,2118260464a355.png
Wisconsin,21557310dc869f.png
Wisconsin,21632184e4eb67.png
Wisconsin,21644210d4530d.png
Wisconsin,216712253f3cf2.png
Wisconsin,2e2486a7fdb24e.jpg
Wisconsin,3622b98abbe9ae.jpg
Wisconsin,3846b7da7b1673.jpg
Wisconsin,3d16b6164f2903.jpg
Wisconsin,4d1b3e160d0f7d.jpg
Wisconsin,54fe33df399a41.jpg
Wisconsin,5f43e569040674.jpg
Wisconsin,601ff57bd7e181.jpg
Wisconsin,614ad2c862cbe3.jpg
Wisconsin,70787899bcef0c.jpg
Wisconsin,79d58819517aa5.jpg
Wisconsin,7c361f8789f2ce.jpg
Wisconsin,7c89de44e7ca65.jpg
Wisconsin,7cf2075c8749a7.jpg
Wisconsin,86b6d5dcf408cd.jpg
Wisconsin,8c8588335ee90c.jpg
Wisconsin,92910cfa3f0219.jpg
Wisconsin,945b213d7b2d5d.jpg
Wisconsin,ab27ed974b7b2a.jpg
Wisconsin,c0e07ea46aeef9.jpg
Wisconsin,c8bd6f677b2e44.jpg
Wisconsin,fb85416d8e09c6.jpg
Wyoming,'.png
Wyoming,173e7c2ae39b17.jpg
Wyoming,17859c46b3b92c.jpg
Wyoming,1bf005bbaf7b94.jpg
Wyoming,1c2b32fbd457a8.jpg
Wyoming,20527001873bd5.png
Wyoming,20535849e16395.png
Wyoming,2060041911bf7f.png
Wyoming,206004929a5496.png
Wyoming,20627007500234.png
Wyoming,206916436683aa.png
Wyoming,20704377d3c092.png
Wyoming,20862166dbf58c (1).png
Wyoming,20862166dbf58c.png
Wyoming,2093357905aab8 (1).png
Wyoming,2093357905aab8.png
Wyoming,20933916ec918c (1).png
Wyoming,20933916ec918c.png
Wyoming,209350555590d7 (1).png
Wyoming,209350555590d7.png
Wyoming,2099808662e781.png
Wyoming,210053740abced.png
Wyoming,210054360f2435.png
Wyoming,21053138bf4a4f.png
Wyoming,21053143c3b0e5.png
Wyoming,21142527ef8b81.png
Wyoming,211609948016d7.png
Wyoming,211650661874dd.png
Wyoming,211899591d9f23.png
Wyoming,21287710a17277.png
Wyoming,213837815f75f2.png
Wyoming,21676699b65b7c.png
Wyoming,21688508163f96.png
Wyoming,21688865fefd06.png
Wyoming,2168888173cbcc.png
Wyoming,276d36e398c069.jpg
Wyoming,33e729741fa101.jpg
Wyoming,422be15adae561.jpg
Wyoming,443badcd373167.jpg
Wyoming,48cc1de8b1df31.jpg
Wyoming,51f6fe89078ccb.jpg
Wyoming,5ab8a4f5164040.jpg
Wyoming,5c955e1d880f03.jpg
Wyoming,5f2df3303a7ae1.jpg
Wyoming,66a962c5a3605c.jpg
Wyoming,7b8f9fdb48aa42.jpg
Wyoming,8a2e638a356ab6.jpg
Wyoming,8e5ce3b37f7e73.jpg
Wyoming,b711aee5f18d86.jpg
Wyoming,bae7b5b5126008.jpg
Wyoming,bc94aeccebf261.jpg
Wyoming,c5ff98211b8933.jpg
Wyoming,c602a84160ac56.jpg
Wyoming,c91fbeae6a0a40.jpg
Wyoming,d52f79c00711d5.jpg
Wyoming,d86e9b2393119b.jpg
Wyoming,d8e318aa5afe19.jpg
Wyoming,e40c66116b03ac.jpg
Wyoming,f3b3bc05df3ea8.jpg
Wyoming,f65a5529651e94.jpg
