Label,Image
Missouri,c2279f4a173509.jpg
SouthDakota,e0a2bee82c7b29.jpg
Pennsylvania,4dc2772e7e3ddd.jpg
Massachusetts,21685515aa4999.png
Delaware,ae03d6f2677fa4.jpg
WashingtonDC,2039287381c42d.png
Iowa,208336858c481a.png
Vermont,217129308f312e.png
Michigan,2168023121c7e4.png
Connecticut,bbc4d2dd9696fd.jpg
SouthCarolina,217123508e665c.png
Kansas,df60ffade8934a.jpg
California,c0d23650e3fe25.jpg
Louisiana,20933886748d6d.png
Maryland,214286568f11f5.png
Montana,4a6fcbae384ad6.jpg
SouthDakota,214150692dcad8.png
Louisiana,192617852190b0.png
California,02ab874c625abd.jpg
Massachusetts,22a2d7f2cb832e.jpg
Washington,383d29a714d987.jpg
NorthCarolina,21556285b442f8.png
Maryland,21586288fe1784.png
Nebraska,20383674342cad.png
Arizona,207869867dba5e.png
Arkansas,298f4455de7758.jpg
Massachusetts,21706394a7a296.png
Utah,2163866208278e.png
Virginia,2143369641e0ca.png
RhodeIsland,21419650de90e5.png
Iowa,1962b6722606f5.jpg
NewJersey,21282069faa72b.png
Kansas,206767650b6efd.png
Maryland,67fe8d74c26700.jpg
SouthCarolina,21696620fdc89e.png
Utah,2063955159893f.png
Indiana,428aeb71b95815.jpg
Alabama,5a08817ddedb5f.jpg
Nevada,bb8fe304434127.jpg
SouthDakota,829f5966c712a1.jpg
Illinois,21709772965a09.png
Virginia,62990e755ac92f.jpg
Indiana,004909545748e9.jpg
Indiana,959637236ad746.jpg
Hawaii,21391852f856c1.png
SouthCarolina,21696547c048fa.png
NorthCarolina,21448061c88989.png
Nevada,a68ba5048ea632.jpg
Idaho,012462d7ab4625.jpg
Maine,21687955e09198.png
Nebraska,204225551c94c3.png
WashingtonDC,20350853b84ade.png
Delaware,fe58cebccc5fb2.jpg
SouthDakota,215109878d2580.png
California,8c3cf79813c094.jpg
Massachusetts,21685697d60830.png
Missouri,20454254e060b8.png
Kentucky,20851973b4247f.png
Pennsylvania,da18035d4d8885.jpg
Kansas,207889645228da.png
Kentucky,35ad5594796976.jpg
Washington,3389133436e736.jpg
RhodeIsland,2142861120f17a.png
Alaska,d98381c2656a20.jpg
Alaska,4dea01a1aff5d6.jpg
RhodeIsland,69fc4d89265613.jpg
Idaho,0fe770228b28fa.jpg
Oklahoma,7dc50e76e57720.jpg
Nebraska,57a103526b3399.jpg
Maine,21638161c32bef.png
Maryland,2092760920dfab.png
Tennessee,4cb62e0dbf487a.jpg
Texas,135c4f6fe6f5f8.jpg
WashingtonDC,215777838d499c.png
Iowa,19975601aeebec.png
Kansas,2040163048e212.png
Oklahoma,4ad6b781477a4d.jpg
NorthDakota,209117932b1827.png
Oregon,210d7a4b37f1d6.jpg
Maine,21638045465baf.png
Alaska,25de5d609a292d.jpg
Nevada,7a1ab5c0ef5288.jpg
Kansas,208890007dca63.png
Delaware,bf65f75291f5ad.jpg
WestVirginia,b8d385fa509150.jpg
Oregon,20842018eb31f9.png
Iowa,4ecd83d98186e1.jpg
Iowa,20808721efffbe.png
WashingtonDC,21574603c67706.png
NewJersey,21705725a7ef1f.png
WestVirginia,6b10be4827bea0.jpg
Nevada,8f4bbdc513167f.jpg
Montana,a8e4a310edec44.jpg
Maryland,21570980de61b7.png
Virginia,2136124149139a (1).png
Michigan,21680308759b04.png
Florida,e5782d1f9d2bfa.jpg
RhodeIsland,21405691657f86.png
Pennsylvania,3a3eedf3fd211c.jpg
RhodeIsland,215563475c74f4.png
Maryland,20909849cedaf4.png
Pennsylvania,5fe14c199c5574.jpg
Maine,21575360e38f84.png
NewYork,21642435c55842.png
Louisiana,1946775901220b.png
NewHampshire,fe8ff0534224c0.jpg
Connecticut,d3374ef5d16bc9.jpg
NewJersey,348a079f3e5a06.jpg
Georgia,b4757631c44770.jpg
Arkansas,30818042ab0c6b.jpg
California,3830449c56c5a0.jpg
Kentucky,bc1e8813662590.jpg
Arkansas,f954ea341bc66f.jpg
Minnesota,040a32813bbe84.jpg
Arizona,036de0e6ed4add.jpg
Utah,210051271fc317.png
Mississippi,20376284be7736.png
Minnesota,534e5fd7d0a01b.jpg
Hawaii,213864732f41ab.png
Georgia,a3d1b2e0ef9c44.jpg
Indiana,8268ab885252df.jpg
Indiana,9b20a232165169.jpg
Colorado,216413660a685f.png
NewHampshire,214144472fbbd0.png
Ohio,2166905740db15.png
Illinois,21471789290940.png
NorthDakota,20889898cecf64.png
Vermont,21636484570bba.png
Pennsylvania,a50bf7e1d4dc83.jpg
California,48445b3b0c3c02.jpg
NorthDakota,208883700f17b0.png
NewHampshire,0e2f69be1924a3.jpg
Texas,4b23cdb51e9b74.jpg
Delaware,d5f8eb66352d76.jpg
NewMexico,205496731390ea.png
Delaware,5cdfb7588692a9.jpg
Alaska,1d3e207d5a2cc7.jpg
Nevada,711ee542f8c0b0.jpg
NewMexico,19487723135a3e.png
Alaska,e859432c9c418e.jpg
NewHampshire,9f387a24fc3210.jpg
NewHampshire,21446342843233.png
Massachusetts,3c4fa8704ccefb.jpg
Alaska,ba64270021042b.jpg
Illinois,215382173dc00b.png
Iowa,21660416f53ea9.png
Colorado,517daec2d6e3ef.jpg
Vermont,216297513a92b4.png
Illinois,2153805718b97f.png
Iowa,202629028465ce.png
Mississippi,20506362f78d1d.png
Vermont,e42e2929b38b8b.jpg
RhodeIsland,21671828ae746b.png
Iowa,20839171fb3d3d.png
Maine,2133159854fd34.png
Kansas,20405665a2b4ac.png
Indiana,430486d03fe36b.jpg
Delaware,db8fc389f35f55.jpg
Hawaii,21391851f3af71.png
Michigan,2168033445177c.png
Iowa,202705099625f3.png
Maine,1168c60b5b4fcc.jpg
Minnesota,933bad78b1926d.jpg
NewYork,9e5117ee5fc9da.jpg
Texas,eb941c265bb61e.jpg
Idaho,cd56f466b4d17c.jpg
Illinois,21658740de2597.png
NewYork,21645620ff7bbe.png
Missouri,20408070e45cd9.png
Oklahoma,067a9180966ee7.jpg
Delaware,efb6339aa40d51.jpg
Missouri,20407992d4e34a.png
Tennessee,36f2c53caf65e9.jpg
Virginia,21697317c5f6c8.png
Nebraska,2033123653b85a.png
Maryland,215709538ebbbb.png
Missouri,208624057b8e65.png
Minnesota,f2d69613dd5445.jpg
Idaho,203536987162a9.png
Washington,2098346307b989.png
Indiana,ea993534003b8a.jpg
Maryland,20920572a7f938.png
Pennsylvania,b2c7b8a22c63bf.jpg
NewYork,216505573c06f0.png
Arizona,651c354dfbd096.jpg
Arkansas,e60fe4ee7ae42e.jpg
Maine,cb4e7ad0b3a779.jpg
WestVirginia,35b644a0d71d3b.jpg
NorthDakota,6e61053dddf93c.jpg
Wisconsin,21557310dc869f.png
Missouri,2040567521d3c0.png
Maryland,21363072a0680d.png
Wyoming,33e729741fa101.jpg
Mississippi,20224344290855.png
Delaware,9b05a8f30ec9ff.jpg
Massachusetts,216975545f472d.png
Montana,f99bc727243e5b.jpg
Wisconsin,21137064225218.png
Minnesota,922e3220c30416.jpg
Minnesota,c3d2d6cc94ee1f.jpg
Illinois,21679975b17fe8.png
Montana,210023297d3fef.png
Kentucky,19901312ccc491.png
Florida,29eea31e28435e.jpg
Maryland,209439566e5adb.png
Nevada,1171505c7f1144.jpg
Delaware,85703717fd2f72.jpg
NewMexico,b846f52abb40f7.jpg
Nebraska,21407886c3f679.png
Pennsylvania,3c05f670a90a7a.jpg
Minnesota,621337bfed7978.jpg
Michigan,64bc77d29f018d.jpg
Alaska,2111732575ad64.png
Oklahoma,2141476952c464.png
Colorado,b45b3808c66bc7.jpg
NewYork,2164607163972b.png
Illinois,21646843d1a1e2.png
Idaho,65ff369d438ed5.jpg
Minnesota,44f0cc566c85fd.jpg
Indiana,ca1bd690f24dde.jpg
Louisiana,20326955b33460.png
Arkansas,dcd61fcc6b6e2f.jpg
Alaska,6dfa050ee947f6.jpg
Oregon,208818973ef2f4.png
Alabama,ab121cddf3aebe.jpg
Minnesota,702fd7c81008d3.jpg
Wyoming,20535849e16395.png
Illinois,2147449942f7ba.png
Montana,213117099f6303.png
Nebraska,20300621cf82f8.png
Oregon,dfa9219bc46c5f.jpg
Arizona,207959202c0322.png
Washington,902f235640a042.jpg
NorthCarolina,217033196df372.png
Georgia,c785326f32dff5.jpg
Arkansas,3d2530119148fa.jpg
Kentucky,20528310b44315.png
Maryland,76da827b7b9113.jpg
RhodeIsland,db923f42242e8d.jpg
Washington,5735daf402638b.jpg
SouthDakota,20422779559560.png
Connecticut,cae265918b66a0.jpg
Arkansas,91320d9cea650e.jpg
NewYork,216349356fddec.png
SouthDakota,20443874382b41.png
NorthCarolina,21696828e04b1a.png
Arkansas,5462aac2859845.jpg
Maine,213315564d812f.png
Tennessee,558ab36a49fd78.jpg
Idaho,2142406533344d.png
Utah,65b09397bdddf3.jpg
Indiana,080c875efc7235.jpg
Hawaii,213878961ba6b3.png
Utah,20933564f9cff8.png
Maryland,216966594e95fd.png
Maine,42e46ea98a644e.jpg
Massachusetts,21685898fafc90.png
Mississippi,20224342b6512c.png
Nevada,416053ff273b3c.jpg
Indiana,e0db7075b2adbc.jpg
Wyoming,20933916ec918c.png
NorthDakota,3eda2503b8d745.jpg
WashingtonDC,b8df16f4507988.jpg
Pennsylvania,fa5856b1cc29ed.jpg
NewMexico,1914344359648f.png
Arizona,211030773d3e3c.png
Kentucky,205272342e7a91.png
Nevada,9ab2d53e738405.jpg
Pennsylvania,9e0cc289c1aa5f.jpg
Maine,2130425313d531.png
NewYork,216457555a49ed.png
NewYork,21638355036b68.png
Indiana,7d289a8800dbde.jpg
Utah,2032512344308d.png
WestVirginia,7fd7168e668138.jpg
Georgia,016143dc318ad5.jpg
Vermont,2fda30d5e9d629.jpg
Montana,21145153fa6374.png
Massachusetts,216859053282af.png
California,b108c8dad92809.jpg
Iowa,21217760e07e48.png
Vermont,21638232a3cbba.png
NewYork,2164591086a31a.png
Delaware,761f33b9e3457d.jpg
Wisconsin,21117464cb2d3c.png
Nebraska,2045715489edfd.png
Idaho,0dedd664ce0039.jpg
Maine,21649406a8d174.png
Indiana,77cd32523e15e0.jpg
Connecticut,859ec645791dea.jpg
Colorado,96d91670e186ed.jpg
Montana,21202631250086.png
Florida,2127952053bbdc.png
Oregon,2150511200a3ac.png
Georgia,9775404933d2e0.jpg
Georgia,6d2ec22a0de3d7.jpg
Maine,215754760250e9.png
Nevada,7dca493002c667.jpg
SouthCarolina,21637117390e86.png
Idaho,9e07a31590c822.jpg
Florida,2135920353a31f.png
Oregon,205224421086e4.png
Kentucky,202630406b707e.png
Massachusetts,21685761fa8904.png
Minnesota,4cd006527d880d.jpg
SouthCarolina,2169381041c0f8.png
California,ca49e60e63903b.jpg
Utah,20884882e7accc.png
NewJersey,66414a842792ae.jpg
Iowa,2011296895370a.png
Arkansas,09f5df10d11d9c.jpg
WestVirginia,5eebfd3e3606fb.jpg
Indiana,679b2de5a9bd76.jpg
Alaska,8edb92aaefab3c.jpg
Delaware,549c31216fe3c0.jpg
NorthCarolina,215857356dc193.png
Texas,df8bd0b89c4550.jpg
NorthCarolina,216201814eafe5.png
Missouri,20611835dec8bc.png
Wisconsin,2114481289ab1f (1).png
Maine,21636585259f2f.png
Louisiana,19095485ea7e2a.png
Tennessee,24ceddf691f2ae.jpg
Pennsylvania,0ecfedc5235aee.jpg
Louisiana,2027057545ba63.png
WashingtonDC,21637777bc790f.png
WestVirginia,18bbce21aeb75a.jpg
Maine,11a640d68a3d4e.jpg
SouthDakota,2042272222c928.png
Nebraska,2135520420286f.png
WashingtonDC,20294641ed5b66.png
Texas,908470a26d3bc6.jpg
Oklahoma,21235136c64387.png
Nevada,9f81f79e5b6cfd.jpg
Ohio,2169741360973d.png
Maine,21575396668e8b.png
SouthDakota,f2f080b3f0a800.jpg
Maine,21417698553071.png
Massachusetts,9cd174f2a29094.jpg
Massachusetts,a9288278391326.jpg
SouthCarolina,216907976a1953.png
Kansas,203883827a5da2.png
Kentucky,197821672d4c9e.png
Alaska,b5bf4c19f4ee3d.jpg
Oregon,2073939912e693.png
Arkansas,0571d7415ddfc6.jpg
Nebraska,20262874dd452c.png
Arkansas,eca55b4aa2f818.jpg
Florida,7dd7a28cc10fc5.jpg
NewYork,21645867d42251.png
Kansas,2597a7ad789ec8.jpg
RhodeIsland,214029938adfd2.png
RhodeIsland,21685115cb3573.png
Kentucky,69711c34042520.jpg
Arizona,21711192326432.png
Alabama,583324e298041e.jpg
Hawaii,21622036ebe3f2.png
Wisconsin,92910cfa3f0219.jpg
Indiana,9f6aab36cdfab4.jpg
Wyoming,d86e9b2393119b.jpg
Michigan,21680267760214.png
Idaho,56e60e769bcc0a.jpg
NorthCarolina,2156896870410e.png
SouthCarolina,216360589fbf96.png
Indiana,462608706c6cdd.jpg
Georgia,6ab775be7d82d3.jpg
Montana,99412cac2d7387.jpg
Hawaii,214006333f7bdb.png
NewMexico,1817340658cb4a.png
Kansas,71d74513dda6e9.jpg
California,92f14aa0278cf6.jpg
SouthDakota,20422587dfaff2.png
Alabama,0572e4b626974b.jpg
WashingtonDC,20378993716ad4.png
NorthDakota,2166960256dbe7.png
Washington,fdd97f3d491eb9.jpg
Washington,68a8afe4b9a485.jpg
Arkansas,bc171488ccb1aa.jpg
Arizona,20832036baf88c.png
Michigan,2168026485dc43.png
Oklahoma,20801679acc8be.png
Utah,2092781509c764.png
Missouri,20808539efee2f.png
Michigan,216802588829f6.png
Kansas,9e28171523a6e6.jpg
NewJersey,52a38de1fac44b.jpg
Delaware,d45bbf63a9130f.jpg
Mississippi,201763260ca61f.png
NorthCarolina,215688592a2056.png
Oregon,21537186f71a69.png
Arizona,6c282a7972c49f.jpg
NewHampshire,11356048363e21.jpg
Delaware,5177f6edecd36a.jpg
Maine,21304263c1433b.png
Oklahoma,2071865473d2e6.png
NewHampshire,2135100286b89a.png
Delaware,d794c153c07c7a.jpg
Kansas,3fa2692cab6a7f.jpg
Oregon,205759535cff78.png
WashingtonDC,20435389372a87.png
California,438c3b77f9025a.jpg
Illinois,21562644bce454.png
WashingtonDC,29f5c94237e3d9.jpg
WestVirginia,d078857027c1c2.jpg
Michigan,216803183e9d63.png
NewHampshire,212084351ab70a.png
Indiana,c9ade87ba87e83.jpg
SouthDakota,20422710c916bb.png
NewMexico,21263549ae061d.png
Nevada,b3de9214fe5399.jpg
Utah,20704452529b2f.png
Nebraska,20321174ee52cd.png
Vermont,22e19e00fac1fa.jpg
Texas,4d05a08db014b6.jpg
Indiana,8994c4432aab0b.jpg
Indiana,1a7bd8b1c225f5.jpg
Tennessee,a5a535b1308a41.jpg
NewHampshire,216975874a970e.png
Minnesota,397aac4b6a2cf8.jpg
Alaska,21072142e7ad53.png
Nevada,a2df273509b7a3.jpg
Delaware,3e3c6ede35ab2c.jpg
Maryland,2157097455bc5d.png
Oklahoma,213516143d443c.png
WestVirginia,c98a8ebcd49ec3.jpg
Wyoming,173e7c2ae39b17.jpg
Michigan,216802927e0c1b.png
Texas,e5259dca568040.jpg
Massachusetts,21710380c9d929.png
Nebraska,20933883d9c1a0.png
NewMexico,190064774972cf.png
Nebraska,20408057d89ffd.png
Idaho,20339703b287ba.png
Nebraska,20300651bf5bf8.png
Arizona,d23df49911a71a.jpg
Oregon,2053443419fe37.png
Florida,214197215f34f2.png
Kentucky,19782124baf7d8.png
Pennsylvania,216950590404a4.png
Colorado,21705851d5568c.png
Kansas,f9e6703a143e6c.jpg
Kansas,20363954d4fcad.png
Illinois,217033381895e7.png
Oklahoma,209339593e256a.png
Vermont,5f431f385ef48b.jpg
Arkansas,6bcbd7c12c128a.jpg
Maryland,2157096352bb33.png
Arkansas,d67a8c9199a677.jpg
Idaho,2033760088d9bf.png
Hawaii,21388038c169ef.png
Texas,60a53a554c8004.jpg
Georgia,a131895f5f1b9e.jpg
Oregon,20501918b1a999.png
Oregon,ed34551c56bc7d.jpg
Alaska,1fe3b331745cd9.jpg
NorthDakota,20890446b52e9f (1).png
Maryland,055f24ebae6f05.jpg
Indiana,7a7083d7e742d4.jpg
Tennessee,e84520dfa9a31f.jpg
Oklahoma,208279543353ae.png
Tennessee,d3c44b227acc2d.jpg
Wyoming,206004929a5496.png
Kansas,5e49aa710e2727.jpg
Oklahoma,8b0df1bb75f715.jpg
Louisiana,203377763834db.png
Nevada,0d2339e2a1c8f9.jpg
Idaho,21456194724497.png
Washington,204682488a3419.png
Pennsylvania,216933029eb99a.png
WestVirginia,67bee3aa0dab3a.jpg
Idaho,256faa3c5661f0.jpg
Kansas,203601355eead9.png
Illinois,47ec064b7c706a.jpg
California,89cfa25f9cbbc8.jpg
Indiana,98c0d405701231.jpg
Indiana,f9f813489e67d4.jpg
Montana,21705720a0353c.png
SouthDakota,b0b11f99d171de.jpg
Tennessee,a805d7d46967bc.jpg
Iowa,19454471da4b08.png
Michigan,f4f8c622f7fff4.jpg
Georgia,72856d0ad56c00.jpg
Michigan,21680316ddd1b1.png
Missouri,bd19d5e008b6f2.jpg
NewYork,74f7ff275552d8.jpg
Wisconsin,601ff57bd7e181.jpg
Vermont,21619555dbb071.png
Minnesota,d1de5ac2c58506.jpg
Illinois,2158333253f947.png
Minnesota,3dbb7f01b79fbc.jpg
Missouri,576e36ee8e44b7.jpg
Nevada,1df7fd750e7d9f.jpg
WestVirginia,b55b4e15a3d098.jpg
Alaska,c245c26d261401.jpg
Massachusetts,21693131d34487.png
WestVirginia,7716058ddfbc6d.jpg
Louisiana,19749614f17eef.png
Hawaii,21386481115d66.png
WestVirginia,f87fb7dabb15b9.jpg
Georgia,b51cf8c9f70f38.jpg
Iowa,207948768bb4cc.png
Georgia,acfd9b2b2d9dba.jpg
Colorado,9cfefdf78b7bc8.jpg
NorthCarolina,21486512b87a28.png
Wisconsin,3846b7da7b1673.jpg
Oregon,2040879776cde4.png
Connecticut,aacfc84f014975.jpg
Maine,216218986ee47c.png
Illinois,2155639741c340.png
Arizona,2171072202e8b0.png
Delaware,2157198115b9cd.png
Vermont,c7ec8309b85a1c.jpg
Alabama,21676435b9c217.png
Wisconsin,211246812c52e2.png
Vermont,216297513a92b4 (1).png
Georgia,9409e9ad153dcf.jpg
Alaska,b593da33bb4029.jpg
NewMexico,1866b5ae80961d.jpg
Iowa,20833705e53fba.png
Oklahoma,2118841671b3d0.png
NorthCarolina,21703296041984.png
Connecticut,3b9b38ed4e56aa.jpg
Kentucky,1990759735f1d1.png
Colorado,21614045a30a1f.png
Michigan,62284faf09bbc2.jpg
Washington,20435656f854f8.png
Connecticut,2170568874c84a.png
RhodeIsland,9eab32a316fb42.jpg
Kansas,2070440117c699.png
NewMexico,198812754a4b1c.png
Utah,2065852265eb01.png
Vermont,21636630090d41.png
Minnesota,3c0165ad6f8a2f.jpg
Nebraska,2167128612e329.png
Delaware,7205f149a7e9c1.jpg
SouthCarolina,216966136a6503.png
Montana,20927080501ec7.png
Texas,a06c8f9ac9a99f.jpg
Louisiana,19073329552815.png
RhodeIsland,21529150cffdb8.png
Maine,9bbf1a89995a7f.jpg
Oregon,2086916921609d.png
NewYork,21638281df4511.png
NorthDakota,05b40287679377.jpg
Illinois,21471801460a8e.png
Arkansas,6773af5a5838c5.jpg
Oregon,20612872a8ebc4.png
RhodeIsland,4e4a5dc6b5679e.jpg
Indiana,6f4367595065a2.jpg
Iowa,19404573ad84b5.png
Indiana,3f8e9b652f2791.jpg
Mississippi,20658354df13bf.png
SouthCarolina,2163688632d6bd.png
Pennsylvania,99421804e36e5e.jpg
Alaska,aff25d3d436169.jpg
Minnesota,2a7eec2357227a.jpg
SouthDakota,20495748c4a6e7.png
Florida,213552282a2e1d.png
Georgia,cf22a5b0cb916f.jpg
WestVirginia,be1e748bb7b736.jpg
SouthCarolina,21693679df0825.png
Vermont,216366458f4cef.png
Minnesota,378cec8397f7b7.jpg
Oklahoma,211822449070a1.png
Wisconsin,211606184c4452.png
NorthDakota,20890891da871a.png
NewYork,c6430a02ea4d76.jpg
Nevada,4224c0b628fd7f.jpg
Tennessee,ecb4104d4ad0d2.jpg
Texas,07d3f5dff41d7c.jpg
SouthCarolina,97ad1db32237a5.jpg
NewJersey,a05cc9b3301267.jpg
Minnesota,f70d37b7d4a4e7.jpg
Utah,20532061c23a60.png
Missouri,20725792518894.png
Colorado,21587363f5ac63.png
California,80e40e7fb3cd27.jpg
Georgia,65a7673dfe520a.jpg
Maryland,211693886c38aa.png
Connecticut,7ed95d9b7a623e.jpg
Wyoming,21688865fefd06.png
Kentucky,20270026bbf11e.png
Minnesota,389686be880a9f.jpg
Wyoming,20704377d3c092.png
Maryland,2120005733d111.png
SouthDakota,20422757b46d1a.png
Maine,0bc9172a249eb8.jpg
Connecticut,f62f644abd727a.jpg
Arizona,216008959206d3.png
Louisiana,21529252491e81.png
Delaware,1d57ba52a6ec30.jpg
Vermont,6361fc8f82e3c0.jpg
Hawaii,21392738497c10.png
NewHampshire,21163458749654.png
NewJersey,21377848d59c97.png
Washington,8e0f3e910f5c18.jpg
Michigan,0cd8ea078c3209.jpg
Kentucky,197672798eb08f.png
Indiana,135d27d119eb39.jpg
Maryland,2119475834c0e2.png
Louisiana,201809320dacfe.png
Maryland,2137359505bedb.png
Washington,2114106999471a.png
Oklahoma,20704422e19d5e.png
Oregon,20939478f713ec.png
Idaho,204098298fa021.png
Michigan,fa30546325d871.jpg
Maine,2163817106df28.png
Pennsylvania,e2d034793b759f.jpg
WashingtonDC,202665656be9a9.png
Pennsylvania,366fd6be97569c.jpg
NewHampshire,21132415456a50.png
RhodeIsland,b7b56bc2934d5f.jpg
SouthCarolina,216966018b67c9.png
Florida,335374c2c5f2d8.jpg
Indiana,4b7bb12ef37aa1.jpg
Tennessee,504ba7267cfeee.jpg
Georgia,36ab6367f748a5.jpg
Virginia,208489945d5253.png
NewYork,216457942e79c2.png
Wisconsin,54fe33df399a41.jpg
Iowa,21603262ccd5b3.png
Virginia,21432107e21d91.png
Arizona,214308634cd867.png
Washington,eb6575df4b6bda.jpg
Utah,210935252f1a4e.png
Idaho,203376213272c8.png
Arkansas,b2bc2ed2ec3620.jpg
Indiana,991f8b0b93cc02.jpg
Iowa,201167935cf4d9.png
Idaho,21718510e7906d.png
Vermont,2171290995c1ae.png
Georgia,284945443ed4ad.jpg
California,c480c33937d844.jpg
Washington,59c07af9d40cf6.jpg
WashingtonDC,91b74c24d4e2e3.jpg
Missouri,20366167506baa.png
Florida,2144220920702b.png
Texas,6fd27dd6cd73c5.jpg
WestVirginia,9577ef6cf69c67.jpg
Wisconsin,4d1b3e160d0f7d.jpg
Minnesota,e2d4f913ecfe98.jpg
NewMexico,19127965ce39e0.png
Alabama,21676366e1d5c7.png
Arkansas,5df633eed974ac.jpg
SouthCarolina,2167651044d44f.png
Tennessee,f1b8b2c353bae2.jpg
Connecticut,ef28e4d76208c4.jpg
Wyoming,bc94aeccebf261.jpg
Idaho,23e36da4d63d1b.jpg
Indiana,27d9b370b2ccea.jpg
Florida,040336fde963e0.jpg
Mississippi,20658330006039.png
Nebraska,21671277788076.png
Mississippi,20909707877303.png
Arizona,20646152841eb0.png
Indiana,58727010abbc27.jpg
Arizona,21005169fb2601.png
Hawaii,21400643605987.png
Idaho,f1420dbdb9d098.jpg
Vermont,21619172c0b02b.png
Washington,f12135173d5272.jpg
Michigan,2153707061f5e3.png
Iowa,21632075a4c6dd.png
Indiana,b1f084cb3ad396.jpg
Montana,2120256242dc75.png
Hawaii,213852788a82fc.png
California,3757c55de6230a.jpg
Montana,f251e20b86d59d.jpg
Indiana,ab02f7eb309e18.jpg
Idaho,0f8d56102c9c7f.jpg
Indiana,d6e23dd53421b1.jpg
Idaho,d070df27909062.jpg
Indiana,6c79cf86441a01.jpg
Ohio,216693461fbce1.png
Massachusetts,8d791f17b6120d.jpg
Arizona,206585362cb4aa.png
SouthCarolina,216937165f9d85.png
Indiana,1cc937d3efc7f8.jpg
Wisconsin,7c89de44e7ca65.jpg
Indiana,fe9b73e6ba94ef.jpg
California,554f3e89c82ca1.jpg
Pennsylvania,3d3615ff773b31.jpg
NewMexico,20532839973da8.png
Arizona,21600970dc5ba0.png
Tennessee,3064fbdf658c96.jpg
NorthDakota,897aa72df28fb0.jpg
Mississippi,21693887162a6d.png
Mississippi,202835239f575e.png
Pennsylvania,89bfdc2cad33fd.jpg
NewHampshire,7e95f913fbfd47.jpg
Alabama,216541623110cc.png
Ohio,2172133714f454.png
Virginia,21708407eb8f44.png
Virginia,208896971181a5.png
Vermont,196c310d2fc5d8.jpg
Colorado,c821b64e6daec7.jpg
WashingtonDC,2150516531261d.png
Nebraska,0202a799bd99a9.jpg
Hawaii,213935220fe1a1.png
Utah,20606101dd0cdf.png
Florida,21454160c97a38.png
Delaware,680b7c3e307175.jpg
SouthDakota,204213411ff1a6.png
Massachusetts,21697331387f3b.png
Iowa,20434821a42cfa.png
RhodeIsland,21327825ab6e04.png
Washington,543a9285ecb9c0.jpg
Oklahoma,75196451b56db2.jpg
NewYork,fd81a99f7f9a42.jpg
Alaska,4932b7b3dba1ab.jpg
Illinois,57e290bd8a38d2.jpg
NewYork,216383324717af.png
Florida,7d8c070ddba8b5.jpg
Tennessee,0ab3b8e8b2d860.jpg
NewYork,217128283eda40.png
Colorado,21705796d35622.png
Utah,20577256bf73af.png
Pennsylvania,1eb24b736810ff.jpg
Maryland,215709923866aa.png
California,18aff720032339.jpg
Minnesota,bbe114773d526f.jpg
Indiana,c9aacaf1e48430.jpg
Louisiana,21300901f87f55.png
Indiana,5c616847358d7e.jpg
Iowa,20725770238332.png
Wyoming,c5ff98211b8933.jpg
NewYork,216458551d5ea6.png
Indiana,998b6818cfbec5.jpg
Colorado,63adb4da6c2c0c.jpg
Illinois,21472169b1d112.png
Alabama,5e32f8fd5bc190.jpg
NorthDakota,20890446b52e9f.png
RhodeIsland,213879514efef1.png
NewYork,3fd90bb375323e.jpg
WashingtonDC,10f0bbdb21c3d7.jpg
Mississippi,20504788c1658c.png
Washington,211313230b2b29.png
Ohio,216683514b2293.png
Illinois,217057444919c3.png
SouthDakota,2042859389afd7.png
WashingtonDC,203611220f417e.png
Oregon,20561144bb9e8b.png
Virginia,21169484830167.png
Oklahoma,ed790abe0bc1ab.jpg
WestVirginia,3d32819f3a8b54.jpg
Hawaii,2138787361ca9e.png
Maryland,21570956e55c55.png
Nevada,a0c6aff64e0a16.jpg
Mississippi,47d240a482b1e0.jpg
RhodeIsland,214368077ec4ee.png
Ohio,21721333bf1c03.png
Pennsylvania,d93088954d57b0.jpg
Texas,b0d64b96b01101.jpg
Alabama,3861b3a4e7999a.jpg
Missouri,e9fdcda4f2d6c5.jpg
Alabama,d06e2c1a017c5e.jpg
Minnesota,0920cf811fdeeb.jpg
Mississippi,201769537022e9.png
Maine,36b1855587fdf8.jpg
Kansas,20413880612a91.png
NorthDakota,6299c028f052cb.jpg
NewYork,21705711325c17.png
NewYork,2163834258638c.png
Delaware,a419680d74a3e4.jpg
Ohio,21688676062175.png
California,beb4a3459977b0.jpg
Georgia,7018e93cc4e816.jpg
NewYork,2163835764889c.png
RhodeIsland,b722261510ac4f.jpg
RhodeIsland,5516901c5732b4.jpg
Texas,690ef6a7c611a0.jpg
Nevada,d168c8ca19b981.jpg
Kansas,94b101c4ae8de2.jpg
Georgia,85000307ac2c68.jpg
Colorado,1f55f68c82a743.jpg
Texas,9f3d8b7f9cbd6e.jpg
Illinois,21557242e9030f.png
Alabama,4b9969057dc39d.jpg
Arizona,2158313359f8da.png
Michigan,21537036c8c59c.png
Louisiana,20277368879295.png
Nevada,86b2d00a7ecb4f.jpg
WestVirginia,24eb7c5509cc6a.jpg
Virginia,614b338509bedb.jpg
Alaska,21558570ebcc43.png
Virginia,a58fc637c86ac5.jpg
Indiana,fa5225b81e36b7.jpg
Michigan,21680300c8a206.png
Delaware,5c3db366e117fa.jpg
Indiana,bcddcd04135561.jpg
NorthDakota,20911780379161.png
Colorado,2165421921387f.png
WestVirginia,22dbd9ffae25bd.jpg
Michigan,780e7dfb97bed8.jpg
Utah,2106243793b901.png
Maryland,21578749e3e91e.png
Idaho,a482cfbb44acdc.jpg
WashingtonDC,2715914011ea74.jpg
Kansas,efea0865ec61c1.jpg
Massachusetts,217128185253f4.png
Alabama,5cd0b0e1972874.jpg
NewHampshire,2156438518bcf4.png
Wyoming,f65a5529651e94.jpg
California,13b65d00d2f8d6.jpg
Wisconsin,c0e07ea46aeef9.jpg
Arkansas,20437644f22d3f.png
Missouri,208588979923d4.png
Delaware,feb7175c829bb2.jpg
Pennsylvania,ed1e39ae418587.jpg
Wyoming,'.png
Minnesota,b93bac475fe7d7.jpg
Indiana,b7b16106d007a2.jpg
Delaware,dc6aab7b76d9c3.jpg
Texas,d3f1d623d8900f.jpg
Alabama,d88ad127d768db.jpg
Oklahoma,23f636aef518bb.jpg
WestVirginia,dd34474b0527b7.jpg
Wisconsin,ab27ed974b7b2a.jpg
Idaho,24cad694cbbd56.jpg
NewJersey,2883aa170cba5c.jpg
Massachusetts,7dbec339aaad1d.jpg
Texas,21706588102a81.png
RhodeIsland,2c377f5572a2f5.jpg
Virginia,213107406379b8.png
Idaho,1c519453e192c8.jpg
WestVirginia,84e660b85994eb.jpg
Alabama,7466ca829e0b7f.jpg
Colorado,21654328bc254d.png
Tennessee,d2e175fdfde6bc.jpg
Mississippi,2075188079066e.png
Oregon,f6df1ad44d5d61.jpg
Wyoming,1bf005bbaf7b94.jpg
Maine,987cc86919374e.jpg
Kentucky,20261340a1ed6a.png
Missouri,cc4f1a04a7e0dc.jpg
Michigan,21680261a1a031.png
NewJersey,5ba488569030cf.jpg
Nebraska,20308179da14e9.png
Mississippi,2021621022b539.png
NorthDakota,208891237b82a3.png
Massachusetts,216849979ea25d.png
Wisconsin,2112462036e50f.png
Louisiana,20319602be66ac.png
NewHampshire,2141444035edf5.png
Washington,73e9b10fd8370d.jpg
SouthDakota,99c73aaf311d75.jpg
Oregon,fa0142b4bef814.jpg
Alaska,a6fa0096f60e0d.jpg
Kentucky,20528340fdfab5.png
Nevada,4fb50ec4db43c8.jpg
NorthDakota,2153680171e2c8.png
Oklahoma,9416700ac94703.jpg
Nevada,45e2a9860bfb5f.jpg
Arkansas,207694445ba56f.png
Wyoming,c91fbeae6a0a40.jpg
Pennsylvania,21705628964527.png
NewJersey,d92a39c22613f3.jpg
Nebraska,2025495892dc95.png
Alabama,3e94df98a28f56.jpg
Alabama,21007379ec9d04.png
Illinois,21471774099cb8.png
Minnesota,c973275da62df4.jpg
NorthDakota,2088887271d9fd.png
Colorado,002102e0b8e03b.jpg
Michigan,217032776ea8a2.png
Delaware,3acf99ffa3e2de.jpg
Virginia,20868316ee17ae.png
Virginia,21664893be7046.png
Nebraska,209659523c877f.png
Massachusetts,21685804849e66.png
Connecticut,ade12e6d811eb8.jpg
Minnesota,057d3a162b3357.jpg
Alabama,ca1023c0949c3b.jpg
Wisconsin,21137252236e86.png
Louisiana,2026306956d5ea.png
Georgia,c3d4d282024379.jpg
Missouri,20804546762499.png
Kansas,21620091453c83.png
RhodeIsland,21435273361d27.png
Wyoming,2060041911bf7f.png
Nebraska,21016167fe6bf4.png
NewHampshire,21543993054614.png
Maryland,07077aa258b70e.jpg
Arizona,20807593a26898 (1).png
Idaho,472446ef1a5268.jpg
SouthDakota,20417198ab1b2c.png
Iowa,208562976396f8.png
WashingtonDC,ec257a77e68cdf.jpg
Nevada,a9e72956aeab6b.jpg
Virginia,21307359c40458 (1).png
Massachusetts,730325d15dc0e4.jpg
NewJersey,21377847c664ce.png
Nebraska,20254520ab6e43.png
Idaho,20339871343a71.png
Ohio,216692651f8408.png
Hawaii,21391638f78700.png
Montana,209639763ccef9.png
NewJersey,21168091eaacfe.png
Georgia,3a6c2be355cbc9.jpg
Colorado,21596210824911.png
Georgia,81d6dd45da5c66.jpg
Kansas,d35b976dbbc280.jpg
Wyoming,21287710a17277.png
Nebraska,20282915cb35f0.png
Connecticut,5944ec1d292fca.jpg
Tennessee,7f4fde03b8a65e.jpg
Nebraska,216135952aded8.png
California,2f4cf796ae036a.jpg
Arizona,ae99bdc28e774e.jpg
NorthDakota,21117555b22b71.png
Hawaii,420e168da18cb7.jpg
Illinois,215625742c5a06.png
Oregon,f8864dfd661ae0.jpg
Mississippi,205241600e01e2.png
Oklahoma,21705404121a4a.png
Montana,22865ef17d4e46.jpg
NewMexico,19144222a7800d.png
Alaska,5b61e39a3cbeb9.jpg
Alaska,85076942d814aa.jpg
Idaho,5bb59036053a11.jpg
NorthCarolina,21549804b60e92.png
Connecticut,36e180f70bafe1.jpg
Delaware,aa5bfdb4378232.jpg
Wyoming,20527001873bd5.png
NewMexico,20511354025b6e.png
Missouri,20860109a48e3c.png
NewYork,216457937b23fc.png
RhodeIsland,21436455776a03.png
Washington,7b6229b90d079a.jpg
Pennsylvania,bdb36cb4b9651b.jpg
Virginia,21652196edae66.png
Kentucky,201684473c9333.png
Arizona,21351974e86249.png
Alaska,a9a9819c2fcef1.jpg
Louisiana,19947196ce6a08.png
Delaware,f96e649ed85397.jpg
WestVirginia,d2cad2fe8d25a9.jpg
Nevada,9ac846ab43cb59.jpg
Arizona,210119016ce1af.png
WestVirginia,d7756441fc619c.jpg
WestVirginia,b5fc205b0aa120.jpg
Missouri,2125078276cb87.png
Kentucky,201634187493c4.png
Nebraska,216366854efe0f.png
Vermont,57828bf10e42ca.jpg
Maryland,212073657c0f78.png
NorthDakota,214435014c0b4a.png
NorthDakota,20901743d705e0.png
Arizona,20996866b3b5dc.png
California,a96917c986c8a0.jpg
NewMexico,19136748495469.png
Hawaii,fc5506ca91ebea.jpg
Connecticut,8fa686ec3b4906.jpg
Wisconsin,211246831c4e70.png
California,1a4fa63a2e4089.jpg
Wisconsin,211448259d68e9.png
Kansas,2036054211bb31.png
NorthDakota,215782051fc8ee.png
California,217098048d26b9.png
Nebraska,20254887b278d4.png
Pennsylvania,175460cc8a5941.jpg
NewMexico,20079937f6d1dc.png
NewMexico,541febafbe8500.jpg
Maine,21320462415cf1.png
Pennsylvania,fabd1d10a7fb75.jpg
Alaska,7062d9d6ae0e72.jpg
Nevada,5d8d84826c784d.jpg
Wisconsin,211313162313e9.png
Florida,214157790f6573.png
Kentucky,217041262ec2db.png
Maryland,21208211543732.png
Texas,1bce4eb8be0823.jpg
Idaho,99fec7e295f767.jpg
Delaware,0c445357c84e3a.jpg
Arkansas,20433373539044.png
Mississippi,213956835bba92.png
Mississippi,201769181fcb8c.png
Illinois,217065155e7caa.png
Colorado,b2bcd1b50475fe.jpg
Delaware,669fe4304b23b8.jpg
Wyoming,20933916ec918c (1).png
Tennessee,2b88f9868d7150.jpg
WestVirginia,806ddeed9867ac.jpg
Oregon,20418256813781.png
NorthCarolina,21563075da623f.png
Kansas,b2987db8f3f1db.jpg
Kansas,8f94cc3c2cbfa9.jpg
Alaska,4c63b6f3f45346.jpg
Washington,208943622a6e47.png
Kansas,9bb822239d4d09.jpg
Arizona,20989713459925.png
Pennsylvania,2b743e9437c571.jpg
Arkansas,af58e974133db0.jpg
Louisiana,18429282a8bd6e.png
Georgia,a440d99f353308.jpg
Missouri,3a48bca8bb76b4.jpg
Texas,21709992a081ee.png
California,21711004f8d38a.png
NewJersey,e44049cdf3dbda.jpg
Oregon,2049095458c1d5.png
SouthDakota,9fb4c523f96410.jpg
Arkansas,47b76f4d71cb1a.jpg
Minnesota,ae4abd6c15ea16.jpg
Hawaii,ea00fe9ffccd92.jpg
Virginia,2154563944488e.png
Nebraska,203006496f33b9.png
Massachusetts,216856764db40e (1).png
Louisiana,2040808745a8a2.png
Pennsylvania,3905d43504d158.jpg
WestVirginia,8d4b4db78535bc.jpg
California,68c3e84c499a0f.jpg
Minnesota,d5b769faf29bf1.jpg
Montana,e936725efcb537.jpg
California,e5c99ea90dd82d.jpg
NewYork,216437207f5a91.png
Minnesota,2e2bbc700c7d24.jpg
WestVirginia,ff7035b29cf41b.jpg
Mississippi,2053351636924d.png
Michigan,21680289d06344.png
Arizona,20645602f56d36.png
Hawaii,213919659b81f4.png
Oregon,21584714f94852.png
Oregon,20750851805e67.png
Wyoming,206916436683aa.png
Idaho,c4ec1e27f188f0.jpg
Ohio,2166901084e962.png
WashingtonDC,ef000b75c205d0.jpg
Louisiana,2022431673a375.png
NewYork,21634772f1f087.png
NorthCarolina,2153682768471f.png
Indiana,0267aaebc6f6c1.jpg
Georgia,459ff3c1edf98f.jpg
Colorado,c1fa9fe744dcbc.jpg
Louisiana,2120298339a7a7.png
Colorado,21705823189829.png
Texas,91e150cc4f951c.jpg
Maine,e7125e163a4b1a.jpg
WashingtonDC,80ccc20569905c.jpg
Nebraska,2026284933216a.png
Minnesota,6416535d810ff0.jpg
Oklahoma,2067268435a7e4.png
Alabama,5b1cacb794f4dc.jpg
SouthDakota,20434820369f83.png
Delaware,5cf3c603e738af.jpg
Ohio,21669192e76281.png
California,8d9f88038bfec2.jpg
Florida,21415756b7fddc.png
Connecticut,e1e73b955e85ad.jpg
Hawaii,21398874b2ae75.png
NewJersey,21125014aa5f05.png
Connecticut,deb34fbe1cfb84.jpg
Texas,028ecafb948eb7.jpg
Ohio,21721336b5b611.png
Texas,3fdb70f9ea1823.jpg
Montana,2091395133edc8.png
Ohio,216888902d2c64.png
WashingtonDC,49b140cb8fccc8.jpg
California,60d4e8a06d5083.jpg
Indiana,8e8da5c618fb0d.jpg
Tennessee,12c027312b9b4c.jpg
WestVirginia,4fd4943ca9e1e4.jpg
Michigan,216802182c26d0.png
NorthCarolina,21357608ec0a5c.png
Colorado,d36d4a431ac78f.jpg
Wyoming,209350555590d7 (1).png
Ohio,216891017f6873.png
Missouri,2092066582fa46.png
Indiana,9476e7617a12bc.jpg
WashingtonDC,a8e1afb1cd9474.jpg
Louisiana,21080367ad018f.png
Mississippi,21018181258b6c.png
Pennsylvania,a66857886e79df.jpg
Texas,7e826185154e34.jpg
Wisconsin,211245859c7790.png
Oregon,21636963c23c5b.png
Wyoming,21053138bf4a4f.png
Kansas,dd07d2431926ba.jpg
Georgia,4d7e34d760901d.jpg
NewYork,21645784f2dca0.png
Delaware,343af99eec4535.jpg
Connecticut,2170570045fd81.png
WestVirginia,3f7ecf970b2e52.jpg
Louisiana,194ca34cd74895.jpg
NewHampshire,2121778997139c.png
Kentucky,2052810028f694.png
SouthCarolina,f65dd0e4bcb501.jpg
Delaware,e24099776cae78.jpg
Pennsylvania,d091dd62d2a763.jpg
Massachusetts,21685473610253.png
Arizona,21427998bed1b6.png
Connecticut,55f6faf2cfebff.jpg
Delaware,16db8f8dfe7a45.jpg
Louisiana,20263023e5a5d5.png
Ohio,21668383cb8633.png
Maine,4c5c8e927e164f.jpg
Colorado,262a5aab8e3882.jpg
Colorado,f01e21aac47fbe.jpg
Oklahoma,6e3ee11f026587.jpg
Louisiana,20224348063554.png
SouthCarolina,8b69303a9439ad.jpg
Maine,216381422025d7.png
Missouri,204725488e52be.png
Virginia,21414728816b5a.png
Georgia,38d803c22784b2.jpg
Tennessee,1db63d1d4cd619.jpg
Kentucky,196760878ed7b2.png
Louisiana,191099314dd317.png
Maine,21636655635f15.png
Oklahoma,21413031bbf109.png
Iowa,1997768078dfe4.png
Massachusetts,21685096b3938f.png
Tennessee,770313fddbcc3f.jpg
Iowa,ecc1fb8b846687.jpg
Wyoming,b711aee5f18d86.jpg
RhodeIsland,e09b4200317219.jpg
NorthCarolina,2156318409c437.png
Michigan,f0b3abe1d75df5.jpg
Utah,20381586653d12.png
NewJersey,5d6ef98e1d038d.jpg
Illinois,21654348d34a28.png
Tennessee,e00a5b01115913.jpg
Kentucky,19774840852584.png
Oregon,20641657d5e45f.png
Indiana,b674a85dadeef1.jpg
Mississippi,20513926fcf2fa.png
Nebraska,209302367ca33f.png
NewMexico,19452352d0aeea.png
Oregon,204823617d0937.png
Louisiana,20228035ea212e.png
Nebraska,20308287fcb693.png
SouthDakota,20422660904199.png
Minnesota,97b6c67398d56d.jpg
Florida,21462431d56485.png
California,8a61cc69b3f1de.jpg
Mississippi,202243551ef626.png
Oklahoma,096349fddffa09.jpg
Massachusetts,21710305303f0a.png
Illinois,726c5ae1a254fe.jpg
Delaware,be1b5ef55607dc.jpg
Nevada,4d8fe9e91a7821.jpg
Oklahoma,838a283c1f4a69.jpg
Virginia,21307359c40458.png
Nebraska,21075859927810.png
RhodeIsland,21617344021c05.png
Hawaii,21392934bed11f.png
Connecticut,284563ba1affe9.jpg
Florida,21564248aa73d2.png
SouthCarolina,21676526421766.png
Vermont,216195018abb27.png
Louisiana,185507290c676f.png
Alabama,a184cd44d6ce5e.jpg
NewHampshire,99503e337cf713.jpg
WashingtonDC,98b31f0b0c602b.jpg
WashingtonDC,20350847f0843c.png
NewYork,216360326f21fd.png
Florida,21203017a8ce5f.png
NewMexico,19843241e3a350.png
Tennessee,fdb474f76a327d.jpg
Illinois,215577634c019f.png
Nebraska,20270537ff698d.png
Utah,20911626bec42f.png
Wisconsin,211313508abe1c.png
Montana,20920907074506.png
Delaware,b3479b149db925.jpg
Illinois,21565190d7447f.png
NewMexico,21182615c052dc.png
Minnesota,129c2d54573113.jpg
Alaska,21071398c25512.png
Georgia,055ec3379536a6.jpg
Alabama,dfbac5a8a3ff31.jpg
SouthDakota,2042272222c928 (1).png
Colorado,459246bc3a692b.jpg
WestVirginia,5a42f28d566096.jpg
Tennessee,f1c0bd17121d6d.jpg
Oregon,206468017a3b41.png
Maine,216494084a40b6.png
Idaho,2033965086952d.png
Kentucky,19782096ea9a91.png
Washington,209206624e95eb.png
NewYork,2164590122b12f.png
Missouri,2082516582be5e.png
SouthCarolina,2c53be5333f99e.jpg
NorthCarolina,215077002b5890.png
Missouri,58fdd0022100ec.jpg
Illinois,21676694d53e4d (1).png
Indiana,003a30664d874e.jpg
Michigan,dc51a5cd62f9af.jpg
Louisiana,20365926f341f0.png
Nevada,54b861c375f09f.jpg
NewHampshire,214144193c8a9e.png
Ohio,21697422a4b29a.png
NewHampshire,21456043224844.png
Tennessee,a3206f6bf67c35.jpg
Kansas,b9097081af9ec7.jpg
Arizona,21601171cfb906.png
Illinois,2156272345761f.png
Oregon,2050665404eeb1.png
Minnesota,2ff2136b2993cf.jpg
Indiana,4f5bd43bb5c92a.jpg
Maine,3c3bfc825d1dac.jpg
Kentucky,22cdf7dee67673.jpg
Virginia,21414330177862.png
Montana,a5a2ed97926d16.jpg
Missouri,9ac3241d30d854.jpg
Georgia,128789de14841d.jpg
Washington,7eaa8d38d33fb0.jpg
Michigan,ba897dbff48e22.jpg
Maine,30281c42aa3be7.jpg
Kansas,21602983972137.png
Iowa,208682805d335a.png
Florida,1679172ca6fc31.jpg
Pennsylvania,546d5abb722861.jpg
Ohio,2168909520ed0b.png
NorthDakota,21477992afdd4a.png
Texas,9b432b387ee9d8.jpg
Hawaii,2140408095e257.png
Arkansas,c410b85b4a091e.jpg
Texas,ea2ca2b3e1af51.jpg
WestVirginia,33bb8a5ab18bf2.jpg
NewJersey,85e84c952a0137.jpg
Hawaii,f1ffe408e5d721.jpg
Oklahoma,21705486bd5755.png
Arkansas,204672074acdc8.png
Oregon,f82e89a47884f3.jpg
Nevada,e8ff260a69cb7c.jpg
Vermont,2163651575e51f.png
WashingtonDC,202946326f7e96.png
Washington,f2e5c9d2e166a8.jpg
Alabama,ef6b0e7a931179.jpg
SouthDakota,204664579c20d8.png
Alabama,2167134953e1bf.png
Tennessee,80a36e95ab8c1f.jpg
RhodeIsland,213954070e623b.png
Tennessee,89a1e64760c406.jpg
Indiana,ce0d7edb66a483.jpg
NewJersey,21136690be745c.png
Nevada,e8bcf5192bbbb7.jpg
Texas,ab0496277e32e9.jpg
Arkansas,63906b00d32fdd.jpg
NorthCarolina,213576698ce209.png
Maine,2163812037cad6.png
Alabama,0d16579f591cf8.jpg
Washington,6ee5f92708cc5a.jpg
Kentucky,2060617151ead8.png
Mississippi,20991086ac0b8f.png
Connecticut,b5eeb87084dff9.jpg
Indiana,ec32b0c327096a.jpg
Utah,206585418682a0.png
Massachusetts,216856764db40e.png
Hawaii,21399572f953c7.png
Delaware,da8f6e6088f0cd.jpg
Florida,079293226b8cf8.jpg
Ohio,217213205b45b5.png
Washington,204434537c6da8.png
Tennessee,8a9bba6b3cd14f.jpg
Virginia,20725763f214d0.png
Colorado,21629049ad548e.png
Nevada,2ac525fe0a0650.jpg
Texas,f746cadd823639.jpg
Indiana,10ed1e9f024815.jpg
Maine,21388027f621a0.png
Ohio,216684499a68d8.png
NewMexico,19375182db10f8.png
Texas,f7f680b6b7da10.jpg
Illinois,21637680654837.png
NewMexico,191320200376a7.png
Oklahoma,21085148f6c131.png
RhodeIsland,21710438dd890f.png
Idaho,20339828e4c020.png
Nebraska,209823260d80cd.png
WashingtonDC,203789994a1c3c.png
Vermont,21619293a0e546 (1).png
SouthCarolina,da041c611ead0b.jpg
Massachusetts,216851332a147c.png
Georgia,e30777dd4c9a6b.jpg
Hawaii,2139895116cadc.png
NewJersey,21125025cfdaee.png
California,919185655cd1c0.jpg
Delaware,cb8b4e92da621e.jpg
RhodeIsland,71672c2150a2ed.jpg
WestVirginia,27ee15f1d10095.jpg
Pennsylvania,216932560847d6.png
Louisiana,20270548d73eb7.png
Minnesota,ff23d2e8d8a9c7.jpg
Maine,21621906d44f4b.png
SouthDakota,20422739fc3ef7.png
Washington,72605aa6de7c2d.jpg
Maryland,2115230921554b.png
Michigan,216802277bc45a.png
NorthDakota,211241335015ef.png
Maine,7f78f9c141561c.jpg
Montana,20914677957e2a.png
RhodeIsland,213881126912eb.png
Alabama,eadb723e817967.jpg
WashingtonDC,20588951070c0f.png
Kansas,57beec20c5e30d.jpg
Michigan,f8deadff5441bf.jpg
Kentucky,2036957680e6ad.png
Texas,db79201e19bed8.jpg
Washington,8738abf8d58407.jpg
Oklahoma,21421925d385a6.png
Montana,209278849dfc16.png
Kentucky,ef7154a9f0eace.jpg
Mississippi,2148117043adf6.png
WestVirginia,ea47d5ea51cdba.jpg
Wyoming,21688508163f96.png
Pennsylvania,075fe35af88f01.jpg
Arkansas,53b0e9d038b50d.jpg
Nevada,3e05cd3f1a164f.jpg
RhodeIsland,21395491e1d175.png
Kentucky,197672768d813d.png
Maryland,20933955e938c6.png
Oregon,20933894c905e1.png
Illinois,36c4e23af3caef.jpg
Ohio,216974066e585c.png
Washington,830895b74d7ae7.jpg
Oklahoma,21375061250067.png
Indiana,abe3e61c3240a7.jpg
Iowa,2098526584391a.png
WashingtonDC,20294628fd4233.png
Iowa,20381556fdb715.png
Connecticut,cfdcdd58e405a0.jpg
Delaware,1b6c7ec6fc3de2.jpg
Pennsylvania,454002f0bcc85f.jpg
Nevada,90a8bfb11900ef.jpg
Tennessee,5c2757104cb5ae.jpg
Maryland,212237708e5be1.png
Alabama,21649409812eea.png
Delaware,a0172891f1e3fc.jpg
WestVirginia,14c617a31eb998.jpg
Oklahoma,21398540497460.png
Arkansas,7366cea1af5568.jpg
Colorado,2162903427b465.png
NorthCarolina,21351193fd05ae.png
Kentucky,208519534f1cf2.png
NewJersey,dac2d9e571b72b.jpg
Pennsylvania,36cacd85bf4c02.jpg
Hawaii,29e34f5b01e97e.jpg
Iowa,ada5adce5e653f.jpg
Colorado,041effb53537c6.jpg
Colorado,cc40edeb34388f.jpg
Kentucky,20059970f5d981.png
Tennessee,6e29aee66bd427.jpg
Ohio,216693461fbce1 (1).png
Connecticut,971122ac53a0ff.jpg
Wisconsin,3622b98abbe9ae.jpg
NewHampshire,211461172db68a.png
Tennessee,3ff5638700d909.jpg
California,795ed252188804.jpg
Oklahoma,208447280bb457.png
Nevada,088318dd6b691c.jpg
NorthCarolina,2152890100e64c.png
Nebraska,20955409e151ad.png
California,42487c119a5e35.jpg
Kentucky,19916242897a80.png
Missouri,20363934e96845.png
WestVirginia,4b4cb0e205a705.jpg
California,0ec0618f728b1d.jpg
NewYork,ce93c0a4d9a220.jpg
Colorado,2163811225c541.png
Utah,21075179578007.png
NorthCarolina,21487068feaaa7.png
Tennessee,d5e80b5c5b8ce9.jpg
Florida,c3e23694a2a7fa.jpg
WestVirginia,5c736fb0420a9b.jpg
NewMexico,ab4e21a3881e45.jpg
Florida,213546422d36b1.png
Illinois,21679995c70059.png
Kansas,f4acb00c963c66.jpg
Ohio,2168888058bdaf.png
Montana,611420d6e55771.jpg
Maryland,81adcdc48acb10.jpg
Kentucky,216192709733f5.png
Illinois,2b56cf5a29056e.jpg
Nebraska,203211911bbc1d.png
Oregon,6acbc3cf04047c.jpg
Massachusetts,4bccf3b241f414.jpg
NewHampshire,8db03c7461a3d4.jpg
Indiana,43d0d592c5ee74.jpg
Alaska,508bc4ced72a94.jpg
NewYork,216383611a1843.png
Arizona,20646103555be4.png
NorthDakota,fd6f564c0dc61b.jpg
WestVirginia,490537998791c4.jpg
Illinois,21561810ea1281.png
Iowa,207765865842a2.png
Arkansas,d68cddb2682cac.jpg
Ohio,217213259c2844.png
Montana,5f75d9ed29a175.jpg
Connecticut,6d9b6a23539435.jpg
Virginia,20664904d9452a.png
Louisiana,3e9d0fe8e14417.jpg
Connecticut,e5ab22dc21a3ab.jpg
Idaho,924ce7ad9d84e4.jpg
Montana,5430984b2187ac.jpg
California,b01a959b9a8511.jpg
Maryland,20927866ad480f.png
Maine,215643792ca1f2.png
WestVirginia,fa628a8b86c6fe.jpg
WestVirginia,7f1ac959b890dd.jpg
WestVirginia,a33f0b4233c6ce.jpg
SouthCarolina,217041747895b2.png
Indiana,2d5ed2d463ff22.jpg
Arizona,318304cefbd6e9.jpg
Connecticut,4341ddace10a25.jpg
Colorado,217057426e8ff4.png
Arkansas,f2f1704b009e51.jpg
RhodeIsland,214360853ab011.png
Pennsylvania,2092f44ac0f878.jpg
Nevada,1c466566da3a2e.jpg
SouthCarolina,6f0da34617be7c.jpg
NorthCarolina,21613544394448.png
Delaware,21396684c57084.png
NorthCarolina,21485945bf94ba.png
Missouri,20850397d2362e.png
Maryland,8531dbc7ee958f.jpg
SouthCarolina,f4b9a282951180.jpg
Nebraska,20921164f8a5e5.png
RhodeIsland,da6362c75ed106.jpg
Nevada,472e5679aa45a5.jpg
Wisconsin,211245799bc69b.png
Wyoming,210054360f2435.png
Virginia,20867801409656.png
Missouri,209465450682c9.png
Michigan,21649415f2f9ad.png
Colorado,902a029e00fe58.jpg
Wisconsin,614ad2c862cbe3.jpg
Mississippi,20176910e6d20f.png
Connecticut,6d121013f05be7.jpg
Texas,cb6d31267dd961.jpg
Maine,21575307580bd0.png
Colorado,cb64759ffc73e0.jpg
WestVirginia,2ae95b4568578f.jpg
Texas,21710397827722.png
Kentucky,2001500811586c.png
Kansas,7eda50c4c8c4ff.jpg
SouthCarolina,2171238327863d.png
Arizona,2169322862bb41.png
NewYork,21636097acc4eb.png
Mississippi,210991169c897f.png
California,2dcc525624ee22.jpg
Nevada,488ca868e56970.jpg
Alabama,e3b4d85d0debad.jpg
Alabama,d0f45183999d00.jpg
NorthCarolina,2148221225cf44.png
Maryland,21025720c57219.png
Washington,01cc4e846da00d.jpg
Virginia,215368082921d7.png
Nevada,17f2d8680fcbe4.jpg
Wisconsin,21137055a51ce6.png
Arkansas,c50e4b67297fdd.jpg
Mississippi,205064020319f8.png
Arkansas,c9e89f1ccd7486.jpg
NewYork,21645907d796f7.png
Alaska,21006662e1e507.png
Pennsylvania,cf93cc2d09dbca.jpg
Delaware,8fcd01d1ea1afb.jpg
Connecticut,93f0139d064e65.jpg
NewJersey,21114424807e3a.png
Tennessee,0b8991ae8d30e5.jpg
Pennsylvania,07db7c103eacc0.jpg
Alaska,d6071727a914a7.jpg
NorthDakota,20927611f05695.png
Connecticut,9c2cc3a5fda64e.jpg
SouthDakota,20444036f31d45.png
Nevada,e217f8432c6161.jpg
Alaska,84adc4f0193fc0.jpg
Tennessee,301b6432356d79.jpg
Hawaii,0393e40e581d0b.jpg
Washington,e754fbb87d3e3b.jpg
WestVirginia,53a5223c378b2e.jpg
Maine,211966821ef14f.png
Delaware,ae16ab17e45aa8.jpg
California,851d051a2358df.jpg
NewJersey,2637e47332b9bc.jpg
NewYork,216457793a9ea9.png
Pennsylvania,719d3424f07f70.jpg
Hawaii,213959992a3e81.png
NewHampshire,08b7a1e0412108.jpg
Utah,9cdce10764ea38.jpg
Vermont,1c5181c0b7ffff.jpg
Vermont,21629762b4bc9a.png
Nebraska,20262933c31566.png
Kansas,c89c2f69de216f.jpg
Idaho,78744a0539c078.jpg
Iowa,20270680749701.png
NewYork,21634909cde81f.png
Vermont,2161948697451c.png
California,e0da0605c9f4bc.jpg
Alaska,1704d654f86548.jpg
WestVirginia,79185426b9574a.jpg
California,9d6d6c4fee02ec.jpg
Maine,25d280bbdb6b92.jpg
Arizona,21704429e614fd.png
Indiana,dd1e0a78ea5bdf.jpg
Arizona,207959202c0322 (1).png
California,53c38343199dcd.jpg
SouthDakota,20444036f31d45 (1).png
Mississippi,21691366961b49.png
NewJersey,e1968043465883.jpg
Oklahoma,21285099ee73e2.png
Massachusetts,2168498196c631.png
Mississippi,205139564d5dbe.png
NewJersey,7ef459c267c1f8.jpg
SouthCarolina,515da0153bffef.jpg
Nevada,ffb701b21da4b1.jpg
Indiana,36f741b6836379.jpg
Maine,21544453b87cb9.png
Montana,2098521668695e.png
Wisconsin,211370789cb9fb.png
Florida,b886fc2bfc8ef8.jpg
Vermont,21619358b52587.png
Washington,3e8d2c7ef82055.jpg
Texas,bcca54e2159319.jpg
Ohio,21688714e1459d.png
Missouri,2064196942d39e.png
Kansas,12ed5d90b5cdc1.jpg
Iowa,19977884fd0455.png
RhodeIsland,21303118ca8093.png
NewMexico,19859105041029.png
WestVirginia,be688b75e433ab.jpg
NewMexico,1913113186b0cd.png
Vermont,fa20c37ba87478.jpg
Kentucky,202244076617c3.png
NewYork,21650467310a38.png
Idaho,5558564285fd34.jpg
Utah,209432339f7130.png
Georgia,7476b91c4edac6.jpg
Pennsylvania,291cc1d8bfe25a.jpg
Nebraska,2025455321ff42.png
Arizona,3b0ca1ef2aefe0.jpg
NorthCarolina,21536810a11573.png
Florida,57948d1a7a7086.jpg
Utah,209141059cd760.png
Connecticut,c1183179686174.jpg
NorthCarolina,215690666806c6.png
Vermont,21619256d15ff6.png
Michigan,216802983d6aae.png
Iowa,21072942c40166.png
NorthCarolina,215288900c2f03.png
Ohio,21688910120682.png
Delaware,c410ff298af681.jpg
Louisiana,19851014403291.png
California,51aaa4c5a85757.jpg
Maryland,21511106a0a881.png
SouthDakota,20449620c4a059 (1).png
Massachusetts,21685092b1ca6f.png
Arizona,23dd3058806df4.jpg
Michigan,21680295fb79cf.png
Hawaii,213890479f7a5a.png
Florida,2661a21c8d6f1e.jpg
Delaware,8ddf3b17fed23d.jpg
RhodeIsland,698b4f0bd509f2.jpg
RhodeIsland,94e8f7e1022509.jpg
Vermont,21619241b694d5.png
SouthDakota,5ce0d2b8a028f8.jpg
Colorado,217058668a8b1c.png
Alabama,085b6db539c717.jpg
Texas,b5c44cabcbcbfa.jpg
Colorado,860e29d058e554.jpg
Missouri,bd00b0303ca84a.jpg
Wyoming,2093357905aab8.png
Massachusetts,65dec736742de6.jpg
Connecticut,d4184b7f3257c0.jpg
RhodeIsland,21511135d68d2c.png
Delaware,951fd6da21c433.jpg
Louisiana,21568357d60bcc.png
Delaware,6d235508e434ed.jpg
NorthCarolina,2170337739bdcc.png
Oregon,a82dd5287aeae7.jpg
Nevada,34c3003d3674c1.jpg
Tennessee,82d8239d5744a7.jpg
SouthDakota,21415288b7714e.png
NewHampshire,ca0220f752ab29.jpg
Minnesota,6519d1e1bf9bfd.jpg
Washington,21135200d8ceab.png
Virginia,c9d0f2728f5a1c.jpg
Connecticut,e0c9afeaa27126.jpg
Delaware,5fe5c4e49d967c.jpg
Alabama,21705978bf9423.png
Illinois,66b52b8579f98a.jpg
Connecticut,21692290b7e9aa.png
Vermont,d3906b56c5005a.jpg
Maryland,215458102aba9b.png
Massachusetts,855181245af131.jpg
Massachusetts,21710411f4d998.png
Illinois,21472059552a2a.png
Nebraska,214194664d86ab.png
RhodeIsland,4baa0bc434101b.jpg
Hawaii,6bf906e0f5c4a2.jpg
Alabama,79cf57b79115b6.jpg
Louisiana,21619283b9f054.png
Oregon,2043564362769b.png
NewHampshire,21409877c2d873.png
Washington,60c367eebb90b1.jpg
Wisconsin,2113726508bac2.png
NewMexico,19131089d65e11.png
Alabama,f516fe7bfe1f29.jpg
California,ecfc1ecf047d7a.jpg
Missouri,c2b8a525faa68a.jpg
NorthCarolina,2170324401e3aa.png
Missouri,20449683d082d4.png
Kentucky,19676094b87f61.png
SouthDakota,ff1c469b6d9a4b.jpg
NorthDakota,2090173161632b.png
Connecticut,92777792e0b241.jpg
Arizona,21528867445750.png
NewMexico,17795883fddf1e.png
Arkansas,7437b5d2018868.jpg
Hawaii,21388870f2988b.png
Oklahoma,2080467909bbc3.png
WestVirginia,92390364c65d7a.jpg
Maine,9414ad92b0d6fc.jpg
NorthDakota,466c18a9a6043b.jpg
Massachusetts,7dacd0f4f59906.jpg
Utah,a04c890f6b936a.jpg
NorthCarolina,215518611fd095.png
Ohio,21669187344565.png
WestVirginia,5a61d3dd238b61.jpg
Oklahoma,21654169853f1e.png
Massachusetts,216855172c866b.png
Utah,20315090805af6.png
Oklahoma,3849987a2f5247.jpg
Idaho,21400115ac4bd7.png
Alaska,1d7e1d25cc9a3e.jpg
NorthDakota,20890829a1d2c0 (1).png
Washington,21180616b2ede0.png
Virginia,45f3f4c74ff0f6.jpg
Oklahoma,2142197289af6b.png
Arizona,20807593a26898.png
Oregon,206345959179f6.png
Alaska,bfdd4c6f83dc7a.jpg
Pennsylvania,506b85beda68e9.jpg
Mississippi,61ae10c6bdd1d1.jpg
Colorado,517c80aa95a03d.jpg
Wyoming,1c2b32fbd457a8.jpg
Arizona,21344316353934.png
Georgia,2b84c75c996515.jpg
Michigan,216803241414c6.png
Texas,21710069d87f3f.png
California,6b523a6faea796.jpg
NewMexico,1913117260d645.png
RhodeIsland,f7ca0b828bbdd3.jpg
Washington,207155648b99a4.png
Utah,215205876b8b96.png
Colorado,db0bf000050057.jpg
WestVirginia,8b8b798f5a9b49.jpg
NewJersey,21373754eae082.png
RhodeIsland,213695353e05cb.png
Alabama,3b386a54c8dfb9.jpg
Georgia,d8436580414d38.jpg
Virginia,209521013234c8.png
WashingtonDC,20378995b43d96.png
Delaware,d118f4c40df667.jpg
SouthDakota,20422671e0bb92.png
Pennsylvania,88f2b2d00a4b73.jpg
Florida,212030069e82f3.png
WestVirginia,05a2e6e2a794a9.jpg
Wyoming,bae7b5b5126008.jpg
Pennsylvania,c7c7fe208d8b70.jpg
WestVirginia,b4a6bfba3b5079.jpg
RhodeIsland,274a45fe6895bd.jpg
NewHampshire,214441819ec824.png
Indiana,98e1e6f9f86744.jpg
SouthDakota,20423172d0226e.png
Hawaii,21391963b6b315.png
Indiana,f98ba8103e7637.jpg
Ohio,21688673aeacba.png
Montana,e91ea620abed37.jpg
NewMexico,19966973b4d333.png
Georgia,0909d491f7f80b.jpg
Georgia,fa0ca49947bc0e.jpg
NewHampshire,212465178bd71d.png
Connecticut,49fc4685d90b60.jpg
Iowa,20958498f7b55b.png
RhodeIsland,21572197313d30.png
Ohio,216686366ad230.png
Oklahoma,214218933ef9d3.png
NewMexico,20560271643483.png
Pennsylvania,3789a6237a0d4e.jpg
Illinois,21654163f65090.png
Maryland,208986405a93d1.png
Maryland,c721fc8835807c.jpg
Alabama,df131a9a5297ad.jpg
Colorado,21579173049b0d.png
Florida,048154b52770f8.jpg
Maine,21697407dbbfd9.png
Florida,21564401350bba.png
Kentucky,20851890a115ed.png
WestVirginia,5379fa55103086.jpg
Nebraska,58ab3b09f75b4f.jpg
NewJersey,5fcbaf73644337.jpg
Ohio,216803125f79ea.png
Virginia,20715311499577.png
Connecticut,7d303349a89d14.jpg
Connecticut,fd197221e334f3.jpg
Missouri,af9cc4c7b0cd42.jpg
Illinois,2164490060e9c6.png
Oklahoma,f0a3a47faab689.jpg
Colorado,216137904539a4.png
Oregon,75bcbf7a961691.jpg
Pennsylvania,5929f4b578b2a9.jpg
Mississippi,b71a42ab5c1e62.jpg
Kentucky,2040804894545a.png
Illinois,21557412213024.png
Wyoming,20862166dbf58c.png
Louisiana,184476978bc9e6.png
Indiana,66fcfba00c7fde.jpg
NorthCarolina,215203011612b1.png
NewMexico,19858641639b3e.png
Wyoming,c602a84160ac56.jpg
Connecticut,e8acccf90745c4.jpg
Texas,ae423ec9145600.jpg
Michigan,215370735243c4.png
Idaho,683f270a9be3a6.jpg
Mississippi,20163337473cbd.png
SouthDakota,20422667ab4c3e.png
Kansas,4f9422f5aacb59.jpg
Mississippi,20630990c7b1c9.png
Pennsylvania,7ba7cdef55e2e5.jpg
Wyoming,422be15adae561.jpg
NewMexico,f760e464054a28.jpg
Georgia,853451654fc77d.jpg
Arizona,210145615c5173 (1).png
Colorado,21614073983780.png
Montana,213934474553fb.png
Illinois,21538809206add.png
Utah,210052600be2db.png
Connecticut,28b7e4305bed2c.jpg
Utah,205286699fd3dc.png
SouthDakota,317339ebc634a1.jpg
Indiana,5352fdbbe50237.jpg
Connecticut,b5ce47a55664cf.jpg
Oklahoma,206914898eed96.png
Minnesota,e8973d0cb7c217.jpg
SouthCarolina,21690850a951ae.png
Montana,21705627a42bb9.png
Texas,9692c60526527a.jpg
Connecticut,e2ef9c102061db.jpg
Colorado,06d31697fcc00f.jpg
Florida,21571986102f21.png
NewMexico,19383497fa8ed4.png
WestVirginia,3a5b005f96a291.jpg
Iowa,19398966c88104.png
Ohio,21668342b63600.png
WashingtonDC,c8d121f4eb1562.jpg
Nebraska,2157310664c689.png
Virginia,215563528a819d.png
Arkansas,2017690695e5c9.png
Minnesota,9d7d925cd47977.jpg
Indiana,daa4375a6208ca.jpg
Louisiana,2096819244135b.png
Texas,76b852bb2772c9.jpg
Ohio,21688687331cec.png
Alabama,21676588cd0c33.png
NewYork,2ad169900a784c.jpg
Wyoming,66a962c5a3605c.jpg
Kentucky,20163320df26e4.png
Georgia,ea38f5d0eebf82.jpg
Michigan,2168028417c61b.png
Louisiana,20231234d225d1.png
Pennsylvania,2171104795ab89.png
Ohio,2162983081433e.png
Indiana,dbdd63fb818015.jpg
NorthDakota,b0cfe4688be995.jpg
Tennessee,a056177de8e60c.jpg
Nevada,4c70b6e7371119.jpg
SouthCarolina,2166496748cc9c.png
WestVirginia,b08548d81f5c18.jpg
Texas,1c4109db583b8e.jpg
Wyoming,276d36e398c069.jpg
Illinois,2156221057b287.png
Georgia,12de201afa6e2a.jpg
Vermont,21712913fb55bf.png
Illinois,21471814157566.png
Nebraska,20933582acaa20.png
Nevada,4700e5b288687f.jpg
Virginia,21371781ce7e57.png
Iowa,d9be757490e312.jpg
Washington,4b1f57177327ed.jpg
Vermont,14909d1c9d5dcd.jpg
Georgia,88274b9c070038.jpg
Georgia,8ad9e37982b25e.jpg
Wisconsin,21137087baf3d8.png
Kansas,626a57b4ffb281.jpg
SouthDakota,2047545792b2de.png
Oregon,215372185da6d2.png
Virginia,20901882b22db1.png
NorthDakota,20901745555919.png
Florida,21281268d48358.png
NewYork,21638316e44004.png
NewHampshire,f899a3b388a360.jpg
Colorado,5529957399fc98.jpg
SouthDakota,204171953eb274.png
Vermont,edd68160e0bd30.jpg
NewHampshire,2145595677651f.png
Montana,6041c2cad7335f.jpg
Idaho,c2d3b8468994ab.jpg
Oregon,2060619027b59f.png
Missouri,f3ba17a8f63858.jpg
Connecticut,3529af805845f3.jpg
Nevada,d23ad01b2d21e5.jpg
Indiana,547e98e9c91040.jpg
Connecticut,24a3f34dedae7c.jpg
Alaska,21018213e8ea97.png
NewJersey,21680117eda8ae.png
Arkansas,3c83dd3ff0231f.jpg
Texas,afa81226ccb7db.jpg
Alabama,121bceec957e21.jpg
Indiana,2b277b72bbcb03.jpg
Arkansas,c3beb631f34404.jpg
Alabama,21676516c0583e.png
Virginia,2086831790c618.png
Pennsylvania,27b58116285614.jpg
Mississippi,afa8e2a18fc6b6.jpg
NewJersey,b8b30214a06192.jpg
Maryland,91b03f41c43c50.jpg
Arkansas,86b805770fcda8.jpg
California,dbfb73404df4fb.jpg
RhodeIsland,213955861647e1.png
NorthCarolina,215689510129b9.png
RhodeIsland,21125107e2028c.png
Wyoming,2093357905aab8 (1).png
California,4dd69bc7bc2534.jpg
Colorado,21661277c1578b.png
California,8dd900d3540c85.jpg
NorthCarolina,2142121703c247.png
Delaware,2090086018651d.png
Indiana,2f92a3a90e6b7b.jpg
SouthCarolina,21693841a13740.png
Delaware,7462c0c7b409af.jpg
RhodeIsland,21354177afbebd.png
Wyoming,213837815f75f2.png
Tennessee,48728a0f1f9dd5.jpg
Texas,acebffc06e44cc.jpg
Washington,2097337758f602.png
Pennsylvania,3a7a0e6f973983.jpg
Louisiana,18550730bad762.png
Alabama,72283b0bbd7616.jpg
NorthCarolina,21471349aae61d.png
Virginia,21373710df9ea4 (1).png
Hawaii,214133763c30ce (1).png
Virginia,2164422937a558.png
Delaware,4bfcf15de152d6.jpg
NewHampshire,217043429f71f9.png
Arkansas,a3b811f9076f9d.jpg
Indiana,beef7ea520c3b4.jpg
Virginia,2135043190ff76 (1).png
SouthDakota,99005d5b42a8b7.jpg
SouthDakota,204509930636cb.png
Michigan,21537038a012eb.png
Delaware,63b23bc0f3b951.jpg
Utah,20396940986289.png
Ohio,21688665833021.png
Pennsylvania,8caec045384da2.jpg
Georgia,a201a8cbb671a0.jpg
WestVirginia,3669f1ac92db69.jpg
WestVirginia,9ea45f46796bc0.jpg
Minnesota,34f44bc0664021.jpg
WestVirginia,e6d1e03fa273ff.jpg
Maryland,20917424cd3426.png
Massachusetts,2169755820308e.png
Texas,17ec24cee560fb.jpg
Colorado,9951a490eaf40c.jpg
Pennsylvania,8128c103636827.jpg
Oklahoma,2070285385f8aa.png
Louisiana,19898622df523a.png
Nebraska,20321138d06a99.png
Vermont,98a224cca4282c.jpg
Virginia,8a11892ecc8d68.jpg
Oregon,de6b454e2275a6.jpg
NewHampshire,21582324c436c8.png
SouthCarolina,b9d9f962d0a29e.jpg
Kentucky,2016344240cfd8.png
Pennsylvania,53277d8601bd1d.jpg
Florida,213436477ef6c7.png
NorthDakota,208907347f48ed.png
Delaware,0bdd4d428eadbb.jpg
Mississippi,201634350dbe25.png
Mississippi,e5119fbc49a5fa.jpg
Pennsylvania,a4ded363c6ba21.jpg
Texas,a360d2a522b544.jpg
California,ab44a230f43568.jpg
Idaho,a0a1d01ab4c692.jpg
Michigan,216802352ce3a0.png
California,3280f744db2991.jpg
WashingtonDC,202945853c1cd5.png
Nevada,459eb10e4aaf0f.jpg
Utah,20348066d6256b.png
Wisconsin,2112467137b926.png
Kansas,f093dd3d23fb3e.jpg
Colorado,ef9179e5ca5877.jpg
NewJersey,2127960568fafc.png
Virginia,2072037643fdac.png
SouthDakota,20422752300557.png
Massachusetts,21685568abb27e.png
Vermont,d1a28409f38d4d.jpg
NewYork,9eda51aa780328.jpg
Pennsylvania,dcc3fddd1ec173.jpg
Tennessee,57407b08fd4934.jpg
Wisconsin,2118260464a355.png
Alaska,21705443b54e0d.png
Massachusetts,21685822dba38c.png
Massachusetts,2168521304b9ba.png
Illinois,5880c85d2bb97b.jpg
Washington,782412eb0d2fb4.jpg
Indiana,6ea0bca7d45f2f.jpg
Texas,bad729ccc79392.jpg
WestVirginia,5b1ac5ca8318a7.jpg
Nevada,9224f6a87a3013.jpg
WestVirginia,0933215746df52.jpg
Hawaii,2139195776163c.png
Montana,21162422aaedaa.png
Delaware,38beee29128ea2.jpg
SouthDakota,874d6badf7db04.jpg
Missouri,20862397bc9c2d.png
Minnesota,ab95a45b6e8e49.jpg
Louisiana,20106330fdf0eb.png
Ohio,21632007495f23.png
Wyoming,5ab8a4f5164040.jpg
Arkansas,1d77968b68f402.jpg
SouthCarolina,217124709693b2.png
Kentucky,19916667a99ad0.png
NewMexico,d01f818ee22fc9.jpg
Nevada,aa1a31813b70c5.jpg
Michigan,21537068eed2ea.png
Louisiana,193781352b4328.png
Missouri,20806669f01627.png
Georgia,4a09e6ee5c32d3.jpg
California,f876df58943cd1.jpg
Texas,0190bc93279347.jpg
Ohio,21669207963ed1.png
Pennsylvania,910ef0c41174fd.jpg
Virginia,213073668cf0bc (1).png
California,99568b24d1a581.jpg
NewHampshire,214036771cf2dd.png
Wisconsin,211246324ef94c.png
Montana,d0505d5757be1a.jpg
Oregon,20910432d75a5f.png
Arkansas,e6d4a7acc4ca46.jpg
Utah,2160316429fb2a.png
Wisconsin,211313433ec8b2.png
SouthCarolina,21684184d59938.png
NewYork,21645898ad0c00.png
WestVirginia,e65bcd78f8e41d.jpg
Georgia,2e3868d12096b0.jpg
Georgia,1950882bdc733b.jpg
Tennessee,0d17122b35bee7.jpg
Iowa,20280936447526.png
Idaho,1de243ccc8bcc8.jpg
Michigan,215370262aaa50.png
NewYork,21645863ef437b.png
Oklahoma,2075163684628c.png
Mississippi,20168375339320.png
California,849d1ea3b81dde.jpg
Wyoming,21676699b65b7c.png
Mississippi,205357865f4d45.png
Kentucky,203659955026cc.png
Oregon,208678328965bb.png
Arizona,211073335de9f7.png
Washington,202705530c8624.png
California,c8837fd86439ce.jpg
Maryland,21570988e149bd.png
Hawaii,21399368c84bda.png
Alabama,6821131e2a664e.jpg
Mississippi,20525952fd4726.png
Alabama,80c6ef59bc1759.jpg
Virginia,a6a7431a06976e.jpg
Kentucky,20851990fe786f.png
Georgia,8cc5f1e4477462.jpg
Pennsylvania,4f2e31d32e4f02.jpg
WestVirginia,8ed62cfa56ea91.jpg
Minnesota,d89ec26f13b6ec.jpg
SouthCarolina,2169088894a118.png
Oregon,20513946fc0524.png
Utah,20776075005790.png
Hawaii,9b304053daf2bd.jpg
California,6f9ea9bc6149e3.jpg
Maine,b151171b27a235.jpg
Minnesota,6d267c84c5c1aa.jpg
Pennsylvania,93b17358af8bda.jpg
Pennsylvania,11a3c6931af4e6.jpg
Nebraska,3b2fa1bd326f0c.jpg
NorthDakota,f302e21f343ed1.jpg
Montana,213349805baa0d.png
Kansas,203750192ea8df.png
Utah,2067006331fea6.png
Missouri,207531831976be.png
RhodeIsland,21395091b7455d.png
Arkansas,865a5bc892df5c.jpg
Oklahoma,a5d855a8224501.jpg
California,124bb57faaeb47.jpg
Georgia,f0d7f0e43fbc42.jpg
Alaska,0fc57469b4f218.jpg
WestVirginia,71c9991e210619.jpg
Texas,21711514908d66.png
WashingtonDC,111bd82f415c2a.jpg
California,ee8ad31fa4a544.jpg
Tennessee,13899b2761e41e.jpg
Nebraska,21660640291eff.png
SouthDakota,20449620c4a059.png
NorthDakota,2089075138f4c4.png
Michigan,6696ae98a8c5b1.jpg
NorthDakota,20889566776028.png
WestVirginia,5ca4fd2b1120ad.jpg
Maryland,2157094500b3e7.png
Hawaii,97aec3d1658aa5.jpg
Maryland,176ea410730cf9.jpg
Ohio,21668611ad775c.png
Delaware,2db11b9f954bea.jpg
Tennessee,54de8c8e9a311d.jpg
Arizona,206572026f9532.png
Oregon,3b756f05c3f805.jpg
Indiana,d3268bc935c43f.jpg
Hawaii,21394135781c96.png
Michigan,216803405a9fd4.png
Alaska,2d15726f45aa2d.jpg
Oklahoma,210163784ded45.png
Connecticut,707ab465036c19.jpg
NewJersey,21330160536154.png
Texas,7c6835e8ca8706.jpg
Georgia,86c6a1ad94a46d.jpg
Louisiana,21662065722464.png
Connecticut,0a4ada29a90406.jpg
NewYork,525ddba7efb806.jpg
Oregon,5783de97953085.jpg
Indiana,10ff4487e1fca6.jpg
Arizona,21583989347693.png
Connecticut,a4bb00668adb7c.jpg
Louisiana,18429271ad779b.png
NewHampshire,211310971fe3af.png
Kentucky,204453544e3df6.png
Alabama,ea44010bd66b00.jpg
NewHampshire,f828393ee0819f.jpg
Florida,b17946db37711e.jpg
Georgia,062b8cd9eb3fb5.jpg
Tennessee,d73a3f86023809.jpg
Minnesota,237182c1b48970.jpg
Kansas,f06f4551d6b355.jpg
NewHampshire,213592751d0312.png
Montana,21233338a0edf8.png
NewHampshire,c73ccdb952c441.jpg
Virginia,20920650fd64b8.png
Virginia,21693742b9cbcd.png
Wisconsin,21131381f94e00.png
Nevada,69d17df7b1acb5.jpg
Georgia,1ca461b2b99e73.jpg
Utah,20679412623496.png
California,32e05a3b23de8c.jpg
WashingtonDC,2037190434b00b.png
Florida,9bfdf657efb89f.jpg
Hawaii,b0f58f105c13c1.jpg
NewJersey,21331545474c6f.png
California,e11a4af7c3dc01.jpg
Washington,204682353ecec3.png
Mississippi,216765491d97a7.png
Vermont,216364954b9935.png
Oregon,2093389771d4cd.png
Wyoming,f3b3bc05df3ea8.jpg
Maine,411203e4b4f528.jpg
Washington,2112785129109e.png
Oklahoma,49eb8cb3b4cb6e.jpg
Utah,20325114299ea3.png
Alaska,627a3e240ab872.jpg
Missouri,832a49dbe4e146.jpg
Texas,1d7fa631059d7b.jpg
Idaho,4222029795498e.jpg
Illinois,21562481296593.png
NewHampshire,ce7708d0dbef47.jpg
Colorado,2166265489276b.png
Alabama,21102866c4e0fa.png
WashingtonDC,203790043a9038.png
WashingtonDC,20346149bc3ae9.png
Florida,213428467bab64.png
Alabama,51d95826987d0f.jpg
NewMexico,21160603302b13.png
Idaho,203857791389ef.png
Illinois,21563105bb18c0.png
Idaho,203379150bdc2c.png
WashingtonDC,202946264a403e.png
NewJersey,fd1c6576adff7f.jpg
Montana,21343987533375.png
SouthCarolina,21693817a2af9f.png
Georgia,f8e970e9159455.jpg
NorthCarolina,21696702efb44b.png
WestVirginia,f9f1e7040e15a9.jpg
Montana,2085641552e2cc.png
Iowa,20077689c079f5.png
NewJersey,5e77c39c7706c3.jpg
Indiana,1bbd1cf33ec859.jpg
Vermont,21629744a9b016.png
Iowa,2042025851c3c5.png
WashingtonDC,0e7c41268f36f3.jpg
Mississippi,202286131c97ba.png
NorthDakota,a3cbfb2ef2d161.jpg
Iowa,204027219b8d5b.png
Minnesota,e3a266665885c4.jpg
Indiana,40912a243b9db2.jpg
NorthCarolina,21357700c74cee.png
Colorado,38bf5e5d9c71c3.jpg
Louisiana,18419976d3a85a.png
SouthCarolina,5b23eb8423f8ac.jpg
NewMexico,21406815d5d671.png
Oregon,a78234e1843c74.jpg
Wisconsin,2114481289ab1f.png
Massachusetts,6208712b9a9c80.jpg
Hawaii,213917885ce3f4.png
Massachusetts,21685752da5ea8.png
Indiana,97d62e0f0bc1f9.jpg
Illinois,230c415e2f44a3.jpg
Utah,2102047503eef9.png
Alabama,24936846b06cc5.jpg
NewMexico,19153512ee5109.png
Montana,2134405055d7b8.png
Massachusetts,216874711126e4.png
Alabama,7430d7c65f046d.jpg
WashingtonDC,20266572c5b312.png
SouthCarolina,21693892b07a8d.png
NewYork,2164577683177e.png
Maine,21704318db4242.png
SouthCarolina,217100824b9f51.png
Michigan,21680285c1158c.png
Alaska,216805487b1859.png
Vermont,2161917991e1cb.png
WashingtonDC,e9edea331e422b.jpg
Iowa,193999216819d5.png
Montana,21160294e87331.png
NewMexico,19481285aece57.png
Washington,2044341482897e.png
Massachusetts,21685488fd7eff.png
Idaho,1a26260ea69bcc.jpg
Montana,21381689d1b14f.png
SouthDakota,2044386445891e.png
Maryland,9b2bfc90f5ad71.jpg
WestVirginia,e17143b4eb64b6.jpg
Alabama,89eac58ce9c589.jpg
Delaware,32e4e5081c428f.jpg
Connecticut,83c1aa3620ef44.jpg
SouthCarolina,21695396b47730.png
Illinois,97e2a9bf522f39.jpg
Oklahoma,20787117e06e82.png
Montana,20996438485e37.png
Vermont,21619345512d82.png
RhodeIsland,a459fb9620070e.jpg
Kentucky,1230e7db1b631e.jpg
Pennsylvania,077b1d32dacb97.jpg
Vermont,21636541e653e3.png
RhodeIsland,214030006837ed.png
WestVirginia,694de887954ccb.jpg
Montana,21705428ec9cd9.png
Hawaii,216019132dcf8d.png
NewYork,21712531c60e9d.png
NewHampshire,214582680a140e.png
Montana,549eb0b45eebfb.jpg
Hawaii,262bdfa8abf42f.jpg
Indiana,f9119336655942.jpg
WestVirginia,63b65a6ac03ce0.jpg
Hawaii,21391693a1abe1.png
Michigan,515f382edf973c.jpg
Wisconsin,5f43e569040674.jpg
NewHampshire,21582328a56c19.png
Virginia,20881695bccc3b.png
Colorado,c2f203ffb4d289.jpg
Wisconsin,8c8588335ee90c.jpg
NorthDakota,2089079327a2b3.png
NewJersey,2124654222a10e.png
Nevada,4aa314dae0edd0.jpg
Delaware,5215a1ccb8ccde.jpg
Missouri,20725784897011.png
Iowa,21060000f83a94.png
NorthCarolina,21485815b541be.png
Connecticut,e7c3ed7331c12e.jpg
WestVirginia,39088fbb95477e.jpg
Minnesota,97e984bd821e01.jpg
Louisiana,20269887662ca9.png
NewJersey,211875369f271f.png
Georgia,c77048e98b63fa.jpg
Iowa,21075384edbe06.png
NewJersey,21275001e0ab5c.png
NorthDakota,20890829a1d2c0.png
Minnesota,c6c4834e9fd4af.jpg
NewHampshire,d5e1dfa7f4efb3.jpg
Utah,20629513fab073.png
Iowa,2152912271bb6f.png
Kentucky,201762220f31e6.png
Oregon,b38c1a23429bc1.jpg
NewMexico,191369482d75c5.png
Washington,216850181cd7c8.png
Maine,216880079a73bd.png
Nebraska,80c9c31f298a7a.jpg
Tennessee,63f0071acbd865.jpg
SouthDakota,2045795135d497.png
WestVirginia,0071fdc0884ec6.jpg
Oklahoma,20834328be1f2a.png
Indiana,7389c3e1896130.jpg
Kentucky,2016331918ac27.png
Oklahoma,210256925190d0.png
WashingtonDC,3cccfd595d4ce4.jpg
Idaho,90f63d31b8a0dd.jpg
Vermont,21619293a0e546.png
NewJersey,8f866d52b57e37.jpg
Nevada,dd4bd4d2f739f4.jpg
Kansas,0b2b65b5081cb2.jpg
Vermont,216365193e040d (1).png
WashingtonDC,21654179694dd8.png
Idaho,68cb8abff8e530.jpg
Kansas,20176923ddc9a5.png
Alaska,89c484bf9811dd.jpg
Georgia,02e3b352ac334f.jpg
Michigan,dafa681c128a00.jpg
WestVirginia,b89a7d06f7fdfb.jpg
Pennsylvania,17149eeec165ca.jpg
Oklahoma,20933933d607b7.png
NewHampshire,21132425c22966.png
Wyoming,210053740abced.png
Nevada,b38b45d843c9fb.jpg
Vermont,d313026cffe30c.jpg
Idaho,204227421c641f.png
Arkansas,97df8b1aa3721f.jpg
Washington,21676308634106.png
NewJersey,21148880f16d91.png
Delaware,f6d7c9b8a3e6e9.jpg
Nebraska,cde60d6e5983aa.jpg
Georgia,8bf72263792fd2.jpg
Delaware,dbde0850bc51f8.jpg
Nevada,00785831993758.jpg
Montana,21197225f09be8.png
NorthDakota,214347136f8656.png
NorthDakota,0bfc77b1553f0b.jpg
Utah,20715228fc64f6.png
Arkansas,873c46f2f38d7a.jpg
Indiana,887124ca8bf437.jpg
Louisiana,18538478543abb.png
SouthDakota,2041720378675e.png
Colorado,2159505892a5be.png
Montana,2133499357af54.png
SouthCarolina,21696514af9bdc.png
Connecticut,934198420321b4.jpg
Idaho,ad01d4ac15c6de.jpg
Texas,b5af2b83a77ba2.jpg
Iowa,2048030546dcc3.png
RhodeIsland,21289261e2aad4.png
Delaware,0668f8c4cf0ded.jpg
WestVirginia,e05a2fa478e517.jpg
California,36fe60c7d92662.jpg
Vermont,2161911780fec0.png
Indiana,76f348af747c09.jpg
SouthCarolina,216936538099f5.png
Arizona,2160129999de53.png
WashingtonDC,20383673345d89.png
Utah,20328411eaef42.png
Idaho,2034440112a76a.png
Minnesota,094df9110d7e79.jpg
Alaska,209787379c2453.png
Arkansas,20409820196031.png
Utah,2042860068dcba.png
WashingtonDC,20383671c3501e.png
Iowa,2027736272bdba.png
WashingtonDC,2028939371f76a.png
Nevada,1577363fb77dd4.jpg
Nevada,749903cffb7db1.jpg
NorthCarolina,215077201621b8.png
Ohio,21688710757706.png
Texas,c8c1aecf25c09d.jpg
Arkansas,6b3c286545f99c.jpg
Ohio,21668543acdf32.png
Michigan,66426be869ae14.jpg
Alabama,643a247c41c7e6.jpg
Nevada,532a3348eaae8e.jpg
Michigan,2164941692f670.png
Arkansas,146166d6704a8c.jpg
Alaska,a12bf475998dda.jpg
Georgia,42c66911c3147e.jpg
NorthCarolina,21543663d34ce2.png
Louisiana,1935196998a9e2.png
NewMexico,1914423608ea8e.png
Kentucky,20831554495428.png
Minnesota,b3ac5d151a8585.jpg
Michigan,216803360d0ebd.png
Connecticut,c5c34e222d7ed0.jpg
Minnesota,786b93698f6323.jpg
Connecticut,44b738a02179e5.jpg
Michigan,21645781b3f4a7.png
Minnesota,35765c16351261.jpg
Oklahoma,22341eebc3679e.jpg
Arkansas,247f74dc3789ab.jpg
WestVirginia,a728e3d2c33e7a.jpg
Wisconsin,2e2486a7fdb24e.jpg
NorthCarolina,21563091928c13.png
Maryland,20911985506679.png
Vermont,216194138f5d3d.png
Tennessee,fe60241112528f.jpg
Nevada,91e6a1ebaaa6f5.jpg
Florida,21440380bac69a.png
Colorado,4781a77892ee95.jpg
Vermont,f6226e54bcc982.jpg
WestVirginia,326bc5429598fe.jpg
Connecticut,8a909932f9008f.jpg
Maine,21304257f2221c.png
Florida,cf885546c82787.jpg
SouthCarolina,21696606e6937a.png
Ohio,2167171949a804.png
Iowa,203883856cccae.png
Maryland,7eaaca5e8bccfd.jpg
Illinois,dded8624a073e4.jpg
Florida,46624e29d03372.jpg
Delaware,f382bc6de67626.jpg
Arizona,28d558eeea9780.jpg
NewMexico,19249700b302e7.png
Vermont,2171292196785e.png
Washington,20927530c2d01d.png
Louisiana,1842925574818d.png
Indiana,828e08cad2143c.jpg
NewJersey,21148920884c72.png
California,8f2f56de16c3b7.jpg
NewYork,21643766f9ec34.png
NorthDakota,208903554cf065.png
Minnesota,9457d549d0b705.jpg
Texas,926e1f42bfa087.jpg
Minnesota,be066afd747104.jpg
Connecticut,81f836ab9a9f44.jpg
Kentucky,20371046dbc223.png
WestVirginia,4b4bf0315b6e1d.jpg
Indiana,e19fa8dd91c667.jpg
Montana,21056001dc1b3f.png
Nevada,3e6106ce3a9350.jpg
Missouri,2074887936c61e.png
Arkansas,aa4842087573a1.jpg
Alabama,21676497995a11.png
Ohio,2169741760a3b9.png
SouthDakota,20423162c2434a.png
SouthDakota,204226742f71ed.png
Ohio,2164419332dfc6.png
Arkansas,bec88c74589e5d.jpg
Indiana,99236c6c4718b0.jpg
Iowa,202828389bd4f7.png
SouthCarolina,216908316cbbd0.png
Louisiana,198406192da391.png
WashingtonDC,203461674d949b.png
SouthCarolina,4ecfebe697321c.jpg
Missouri,5e476e92cafd94.jpg
Washington,20952090dbeade.png
NewHampshire,c2998a2046c749.jpg
Delaware,6bc3256ab252cc.jpg
Nevada,7e30ca4246438b.jpg
Texas,a118e6f776983a.jpg
Florida,21528897cd6e47.png
WestVirginia,d85b78a54353dd.jpg
Pennsylvania,d49d72e27be141.jpg
California,2af8f8c112e77c.jpg
Oregon,1b089700407743.jpg
Indiana,3d27a3476a5f8c.jpg
Indiana,fd847d8793375a.jpg
Montana,21686170f08a76.png
Virginia,20718681c2d7f5.png
Missouri,21138070c740e8.png
Utah,20695110f17ecb.png
Illinois,217066831cd298.png
Indiana,bcc07272ff2a8f.jpg
Pennsylvania,5013f0ae76f473.jpg
Oregon,20553590a04258.png
Georgia,595ab1288eeb88.jpg
Iowa,20055873ca21de.png
NewMexico,192556548b4bbd.png
NewYork,21645887bbbfe4.png
Colorado,21629062bfeabe.png
Wisconsin,fb85416d8e09c6.jpg
NewHampshire,2122061170d2b5.png
California,47422646b43cf2.jpg
Mississippi,205241329d19a3.png
Georgia,fb56867aa92742.jpg
Tennessee,2a081c3e83b690.jpg
RhodeIsland,216718203fe69f.png
Florida,2120299066a71a.png
Wisconsin,216712253f3cf2.png
RhodeIsland,21685865e6201b.png
Utah,20315092bb8255.png
Alaska,21676356c95fc9.png
NewJersey,9edf928b6f19a4.jpg
Nebraska,204197666cc04f.png
California,a78ae83363a728.jpg
Nevada,b451aa8186f241.jpg
Michigan,216802423549f7.png
Kansas,2155616864ee8a.png
Ohio,21668036d6944e.png
Maryland,21570976f4fc7f.png
Arkansas,f9da71a4661db6.jpg
Texas,c1eba22a692c6f.jpg
Illinois,215627468aa3e9.png
Alaska,f3a27b1b3a720f.jpg
Alabama,dd9726667cb9b8.jpg
Connecticut,56192755793e43.jpg
RhodeIsland,a3d9eeec65e9b6.jpg
Ohio,21668685f352f1.png
Indiana,02e79abea4b1d3.jpg
Maine,f1065c3b2ab2cb.jpg
Delaware,e8bb3507515dee.jpg
Tennessee,f1dfad34bc69c1.jpg
Indiana,8fdb752660c289.jpg
NewJersey,d7f47919a75b94.jpg
Mississippi,20176840bf11a8.png
Hawaii,21399564b799c6.png
California,925fd789af6ffb.jpg
Wisconsin,21632184e4eb67.png
Michigan,03c085e46a790e.jpg
Vermont,31cedf55b7866b.jpg
NewJersey,67ed6c32ffe32a.jpg
Illinois,00b8a956d4ee0d.jpg
Wyoming,8e5ce3b37f7e73.jpg
NewMexico,19131814c361b8.png
Tennessee,dfe5546be65d89.jpg
Idaho,cdbbe25e331180.jpg
Kansas,2070439667835d.png
NewMexico,177463098918ed.png
Mississippi,fd3ce7f96edc71.jpg
Michigan,216802966c2f18.png
WestVirginia,8e24855683316f.jpg
NewHampshire,212465881eb21b.png
WestVirginia,8b90cd07fef70a.jpg
Delaware,eeb6a1458b9228.jpg
SouthDakota,215200985445ae.png
Illinois,21676694d53e4d.png
NorthDakota,2091176699af19.png
Missouri,21161324c7092c.png
Texas,f2a3150e56cdd6.jpg
Kansas,ce7425de9e104d.jpg
Massachusetts,3f0ecf180ee435.jpg
Nebraska,20391906eebdd5.png
Indiana,439054338b24fe.jpg
Wisconsin,211247246baf8a.png
WestVirginia,3a23a0d8ae9a45.jpg
Delaware,97c7efe5ee75ec.jpg
SouthCarolina,07658b483c218c.jpg
NewHampshire,a78cc944763e16.jpg
Arizona,208995534d6f24.png
Nebraska,2028296222ea65.png
Nebraska,20254190e8c02b.png
WestVirginia,cfd45e35f9f602.jpg
Oregon,20910433965c44.png
NorthDakota,208888687de408.png
Kentucky,21705601cfc28c.png
Massachusetts,21685137f5efda.png
Vermont,703c71cad584ae.jpg
Indiana,11f64e77c345cd.jpg
Texas,21712577bce639.png
NewJersey,2154557581f827.png
Colorado,ebef6c250aebbc.jpg
Texas,ba23d16381e9ec.jpg
Ohio,217213010e7f5c.png
WestVirginia,2e8660710a2aff.jpg
WashingtonDC,205714384ec339.png
Illinois,21557711446f40.png
Arizona,21511258647461.png
Maryland,20963416695a00.png
RhodeIsland,213953329402be.png
Florida,c6884c1408050a.jpg
Indiana,9afaf1a7fd496d.jpg
Arkansas,3412fc434e0399.jpg
Ohio,2168867932089a.png
NewMexico,19131007871d22.png
Kansas,deb75006fe3564.jpg
WestVirginia,d75ddc9abf7b62.jpg
Florida,215274712ee286.png
Arizona,215873449ea850.png
Pennsylvania,26612eaabd8b7a.jpg
Missouri,211215850b8362.png
Illinois,21538147f49c45.png
Indiana,328ae6404cbbc7.jpg
Tennessee,22f947969aa15d.jpg
Oklahoma,209520792351d6.png
RhodeIsland,21568289fb41db.png
Arizona,20651693e809e2.png
Connecticut,9fc4a111adf520.jpg
Oklahoma,20665816ed909b.png
Florida,214624806bf3f6.png
Nebraska,209278875c5440.png
Indiana,ca89ae34cd8ae7.jpg
Louisiana,184292601c9b44.png
Virginia,21428579967fc4.png
NorthDakota,21407881b109b3.png
Tennessee,2ee38617d9ed81.jpg
Kentucky,203659960dbdac.png
WestVirginia,693cf99c285146.jpg
Connecticut,7be491014d563b.jpg
Oregon,204348176dd685.png
Connecticut,725dc3446864f6.jpg
Maine,2157551609d6a4.png
Maryland,2114889853d155.png
Montana,20862611f2b37c.png
Delaware,febbada7a1b037.jpg
Virginia,21373710df9ea4.png
Florida,bc3157156a61ff.jpg
Wyoming,d52f79c00711d5.jpg
Michigan,21676405203b01.png
Maine,21439190fa3fb7.png
Illinois,21680002dbc2ac.png
Mississippi,20658333187f4c.png
Utah,2095848658cfc3.png
Indiana,230ed39d2a195a.jpg
WestVirginia,a1169f6b492ecd.jpg
Virginia,b8efcbdf076be2.jpg
NorthCarolina,21556547d2aa42.png
Hawaii,21385253105a8b.png
NorthCarolina,215203240c891e.png
NorthDakota,209017479b0cfa.png
Missouri,4b67a988707592.jpg
Massachusetts,a528946661c31d.jpg
Tennessee,749309565e0307.jpg
Indiana,47abbe85a6c99c.jpg
Arkansas,9a1b9915dcc951.jpg
Indiana,2fed7561bd3d49.jpg
NewJersey,2e10eab9dc1ae9.jpg
SouthDakota,2042266129ae37.png
WashingtonDC,f8e5cf95d187c6.jpg
Delaware,50e14178f3187d.jpg
Ohio,21688700179778.png
WestVirginia,265bb2bf57dead.jpg
Alabama,211037993e17bb.png
Virginia,2154580296270a.png
Mississippi,202243628f14a5.png
Florida,2157465416a792.png
Iowa,201116329ce913.png
NorthDakota,21513024566248.png
Massachusetts,ad224cddf69163.jpg
NorthDakota,208909197014b2.png
Alabama,46b30602e1a999.jpg
Ohio,21721356898995.png
Utah,21693223f99adc.png
Arkansas,3f995fe23e7ef2.jpg
WestVirginia,eb0be4fa17846d.jpg
Ohio,21688925b616cf.png
Wyoming,8a2e638a356ab6.jpg
Florida,215368424765df.png
Arizona,2065165041938d.png
Oklahoma,7d1873ea69df81.jpg
Florida,21571989cebaed.png
NewMexico,19885712699cda.png
California,4660590f41aa51.jpg
Iowa,2039482746d991.png
NewMexico,19015770167201.png
Arkansas,5ac50f4ce6e19b.jpg
NewJersey,23ccefe4e33ff4.jpg
Massachusetts,955e10d8c790d3.jpg
Colorado,e76c91dede80dc.jpg
Nevada,04478d7b206dad.jpg
Georgia,1161ac91ebd781.jpg
Alaska,9ccf28fd6e587f.jpg
Hawaii,21671745b9a216.png
Indiana,7e8faf10794bf5.jpg
Tennessee,5b636bab1e624a.jpg
Wisconsin,211246754d8a97.png
WestVirginia,2accdb6a23dace.jpg
Alabama,6b01738e517a2d.jpg
Texas,8812b0e26f09e0.jpg
Washington,21659749d99d69.png
Missouri,21217771628221.png
Texas,4335bad207530f.jpg
Hawaii,708eeabdbd966d.jpg
NewYork,46f4af6733638e.jpg
Washington,e5a79335d10eb1.jpg
Delaware,ea8920efe1f09a.jpg
WashingtonDC,20266584ff227c.png
NewHampshire,21458280eaf775.png
Connecticut,ddff9a82cb60d8.jpg
Arkansas,20763375b13bf5.png
NewHampshire,216101603214eb.png
NorthDakota,2090366680666c.png
Missouri,2056936818f12c.png
Montana,f7125edb3b37d0.jpg
Hawaii,21396971b6eeda.png
NewHampshire,8e8d296819e4c2.jpg
Montana,2100529561c60c.png
NewYork,2164589146c6f8.png
Ohio,216886599c1d65.png
NorthCarolina,21554738ca0d5b.png
Wisconsin,211370929eda0e.png
Colorado,c7129aa5f4a5f8.jpg
RhodeIsland,2139508241689a.png
SouthCarolina,7a2fc3d8200a98.jpg
Ohio,217213161625b9.png
Maryland,21497442865c1f.png
SouthCarolina,217124183a8550.png
Utah,2150766035a6a2.png
NewMexico,18109295bb5d52.png
Missouri,2114661983b849.png
Utah,20365988d762d2.png
Indiana,bde85743e2ba45.jpg
Virginia,21530871a30397.png
WestVirginia,bf7262e688a674.jpg
Michigan,0601beff06ec10.jpg
Delaware,4de9fcae4ac319.jpg
Pennsylvania,0e936cecb57004.jpg
WestVirginia,b0aa6fe56fdb79.jpg
Maryland,43af47a39d5dd3.jpg
Florida,212144929bdf6d.png
Kentucky,202705668904ba.png
Nevada,ece9925ee14f49.jpg
Nevada,3414ee174dc22b.jpg
California,32f29776490b7c.jpg
Vermont,21619241b694d5 (1).png
WestVirginia,43bac0ebb1e994.jpg
California,21712920396591.png
SouthCarolina,2167676739b687.png
Mississippi,20345168368b7d.png
Massachusetts,a37663da12c93f.jpg
Arkansas,20840622d09974.png
SouthCarolina,216717626c6cd7.png
Iowa,202773647b4c51.png
Iowa,210893255a5d0b.png
Idaho,7f16e683cc105a.jpg
Michigan,216802382f8503.png
Texas,921bf72d7c5ee8.jpg
Kansas,08d97b4dd4b200.jpg
Minnesota,864adf19419418.jpg
Nebraska,204596205c2d99.png
Virginia,21699864f6fcd6.png
Kansas,201769140424b7.png
Massachusetts,2170639986d404.png
Illinois,371abc3c057b31.jpg
Florida,5f54f2b5b8651d.jpg
Connecticut,24b629d91077d3.jpg
NewYork,2170570579dd22.png
Illinois,21695117daf70d.png
WestVirginia,587114eb334ddc.jpg
WashingtonDC,541d05fb276947.jpg
Georgia,4c6fa8528adc24.jpg
SouthDakota,f0d52c7d9c37f9.jpg
Texas,0d6b18d3be9e2f.jpg
Louisiana,197956894f36fd.png
Ohio,2168887221d59b.png
Utah,6fad048bbe77a0.jpg
RhodeIsland,14ec7fb3894c4d.jpg
Iowa,19971948f9e46e.png
Tennessee,dee7ce5c78f154.jpg
Ohio,216890984dba95.png
Wisconsin,2113135227ea5e.png
Nevada,7e475715fcd17a.jpg
California,e8cb56d705e3fc.jpg
Minnesota,74cdeae4baff90.jpg
Hawaii,21391853d14c46.png
Wisconsin,7cf2075c8749a7.jpg
Connecticut,a66bb9a114e189.jpg
Alaska,c35317d306881f.jpg
Delaware,e1dd0d6bc36a39.jpg
Mississippi,21030829a09e52.png
Maryland,21202858435e05.png
Idaho,5f91941d1e78e4.jpg
WashingtonDC,205456147f89b2.png
NewMexico,19135417f4f8c8.png
Nevada,b7ca49e8c0006d.jpg
Wisconsin,945b213d7b2d5d.jpg
Texas,c8512ef46a7236.jpg
Hawaii,6b55f9b27c88b6.jpg
NewMexico,21089369bded32.png
Washington,2071529791738d.png
WestVirginia,2c47d3f9d56450.jpg
Minnesota,eed1a60c533b21.jpg
California,ad424937cddb1a.jpg
SouthDakota,c55a1d50c65f5c.jpg
SouthCarolina,a464cdbb342989.jpg
Ohio,2162982549e081.png
Louisiana,21188585dd678d.png
SouthDakota,20461723c52b8e.png
Montana,20935070a21916 (1).png
Maryland,21671211df4c12.png
Pennsylvania,2c3e41ebb85c53.jpg
NorthCarolina,21350443b774eb.png
Vermont,21712918acddf2.png
Louisiana,18432443d10cf5.png
Michigan,21680232b8a24c.png
Montana,20979319c82c3c.png
Mississippi,208055829b2b34.png
SouthDakota,204823726765e5.png
Oklahoma,208447327f4079.png
Kentucky,20056148899c8d.png
Indiana,f57548256f6174.jpg
Florida,21362008e2aeb4.png
Florida,215868975c7199.png
Texas,4a9b9362383dad.jpg
Idaho,540816cf7d2e5e.jpg
Mississippi,20501028accf3f.png
Idaho,ac17104f18a4a3.jpg
NewJersey,62a5cc6ec10019.jpg
Iowa,20061093625666.png
Connecticut,762cbb8a913074.jpg
Georgia,c0a54549d3054f.jpg
Massachusetts,21685554f33664.png
Wisconsin,21124602497b97.png
Indiana,4d93f38acdd40b.jpg
Tennessee,0f92b32c25ec92.jpg
Texas,238448a2090104.jpg
Florida,2134351310555a.png
Virginia,2136124149139a.png
Louisiana,2118996526a508.png
Nevada,d851f0c0d72f9b.jpg
NewYork,21653952012dbe.png
Hawaii,21391823fcee68.png
Minnesota,a94c86d802b248.jpg
NewHampshire,d812fd7dd8ffda.jpg
Washington,20284499d0d2dd.png
California,ec5dfbeca75825.jpg
Virginia,213073668cf0bc.png
Wyoming,51f6fe89078ccb.jpg
Indiana,412e00b9a15080.jpg
Minnesota,beb5faf77327b0.jpg
Mississippi,210389644b08c9.png
Texas,6f041c9d4cb032.jpg
Delaware,0e54ab37c8dc03.jpg
California,21710372f7f667.png
Kentucky,21705806df27a3.png
NorthDakota,20890915ece17d.png
Indiana,e5ec0dc4bf0e8b.jpg
Oregon,1c3df64e89f1c5.jpg
NewHampshire,f2ec66920a701a.jpg
Indiana,f08e0d8d8d3741.jpg
WestVirginia,c907d2ec9475a0.jpg
Maine,f8ad7abb8b335e.jpg
Colorado,9ff4fa35f7858d.jpg
SouthDakota,20422775c6c9f9.png
NorthCarolina,21448067f1d19c.png
Georgia,3c11d24c30fe3c.jpg
Wyoming,17859c46b3b92c.jpg
RhodeIsland,213592651ec87c.png
Missouri,210705325ffbe9.png
WestVirginia,f7166c5bd3102d.jpg
SouthDakota,21340633d74659.png
NorthCarolina,2152912850b585.png
Connecticut,06bed47611d049.jpg
WestVirginia,522de73576d5cf.jpg
Vermont,216424089ffd23.png
Tennessee,346149f7839bfc.jpg
Tennessee,f92575ef4def01.jpg
Maryland,209439412ec6b7.png
Tennessee,7d68994a9fc63b.jpg
Massachusetts,5d3d2f68598d5f.jpg
Maine,30c5cb700f65e6.jpg
Maryland,2101624956ea1d.png
Kansas,4fc6e4196491f7.jpg
California,e847bb8c845389.jpg
Maine,21688036a155c8.png
Ohio,2168457039152f.png
NewMexico,20664874bcbf51.png
Florida,21303099389c5c.png
Tennessee,a77efb3f136a00.jpg
Wisconsin,c8bd6f677b2e44.jpg
WestVirginia,7f43bbb4ef1b7e.jpg
Illinois,3be1f1a90c203a.jpg
Nevada,e43471b9b6318d.jpg
Oregon,20524148403f9c.png
Vermont,21619380f65b49.png
Ohio,216802725be05f.png
Arizona,209339140c6968.png
Washington,a61a97d6b389b5.jpg
WestVirginia,af54cc5c3140fd.jpg
NewJersey,44234fe80017c0.jpg
Wisconsin,79d58819517aa5.jpg
Louisiana,1920839487648a.png
Alabama,85b0f65e1a4620.jpg
Georgia,9c3474ad521017.jpg
Maine,21304251be9d53.png
NewJersey,21705605329eda.png
Mississippi,83fee3efcd5aba.jpg
NewYork,21712835f6946f.png
Georgia,fea80e22170019.jpg
Arkansas,af3d7483a50adb.jpg
Florida,213576596d0aaa.png
SouthDakota,2042132716219f.png
Utah,203605581ec7f4.png
Kansas,20837651516645.png
Montana,21296023bb92c6.png
Wyoming,211899591d9f23.png
Michigan,216803270e0b76.png
SouthCarolina,2169090241f0b4.png
Colorado,21587591454d73.png
Wyoming,5f2df3303a7ae1.jpg
NewJersey,21149031acfd9c.png
NorthCarolina,21350471bd6929.png
Kentucky,19901227f3a0c7.png
NewJersey,21125049fee460.png
Massachusetts,7c8e5617b22245.jpg
Utah,20357463508413.png
NewMexico,21213694efc245.png
Wisconsin,21124588cfc9b1.png
California,4e4715c72b01d6.jpg
Texas,33fa11fde49e2e.jpg
Texas,ca4e0aa6d41958.jpg
Ohio,21667962a63144.png
NewMexico,21324985603814.png
Alabama,21676416445bf9.png
Michigan,b7bab0c853642d.jpg
California,afea8a9ff04ce7.jpg
Illinois,49d676fe2631d8.jpg
NewJersey,43e3a2f2fe9922.jpg
Hawaii,216717529f5b82.png
Oregon,20629873a2a1f6.png
NorthCarolina,21583723bb0d9d.png
Vermont,216365193e040d.png
NewMexico,1997332009c40e.png
Nevada,552212cd23b0f8.jpg
Utah,206950917ba312.png
SouthCarolina,21690817d05b99.png
Wisconsin,2112472180b0b9.png
Florida,2152028857dd35.png
SouthCarolina,216844489677c9.png
NewYork,2163830470a8e4.png
Idaho,f0e33887a635c4.jpg
Pennsylvania,27c1e7187486d2.jpg
Pennsylvania,705983c9055ba3.jpg
Kentucky,2052733041ac00.png
Illinois,21646713b09391.png
Oklahoma,62fb01539300f2.jpg
Missouri,208656195f87e3.png
Connecticut,7e7d4fe85dc69f.jpg
Indiana,49a8a31353d3a5.jpg
Missouri,205693672b226c.png
RhodeIsland,7be78ef117a51f.jpg
Oregon,20920705f12e23.png
Indiana,507d114a315378.jpg
Montana,2118232952d8c4.png
Alaska,21114439edf4b9.png
Connecticut,21705697fcd29b.png
Wyoming,2168888173cbcc.png
Tennessee,d414234ad63754.jpg
NewJersey,2d977be2e80a5f.jpg
NorthDakota,2090173405e77e.png
WashingtonDC,203719061061b9.png
Maryland,20973367011606.png
Alabama,cc22be42712c50.jpg
SouthDakota,3b900e6a454760.jpg
Mississippi,c9ca0c08b11626.jpg
Texas,b154b58f1b6d67.jpg
Montana,21182319ae8de8.png
Idaho,90e79cbe8fce9b.jpg
SouthCarolina,776fbeb623dfbb.jpg
Ohio,21665005445d19.png
Indiana,9cb3ba3e4d14a2.jpg
Colorado,21628032d2a0d3.png
Texas,38d4abf924373d.jpg
Massachusetts,21697555ef4683.png
Oklahoma,2069146135267c.png
Minnesota,7d59134eb640b4.jpg
NewJersey,e6e1e6f55466c4.jpg
Tennessee,91f91c02902645.jpg
Washington,7e74946c4713ed.jpg
Kansas,20421354e3bf96.png
Montana,213280402dd81b.png
Kentucky,2052723722f144.png
NewMexico,2049135142148e.png
Arkansas,a76e2e86cdeafc.jpg
Wyoming,21142527ef8b81.png
WestVirginia,4c8da3237724b5.jpg
Idaho,203397281a5f20.png
Missouri,04ad2fd1d0b38a.jpg
RhodeIsland,21287499b21e00.png
Arizona,20501712a6def9.png
Nevada,c326f027d7c748.jpg
NewJersey,33efff4f7f52aa.jpg
Florida,ccb6fd35f4b553.jpg
Oregon,a9afba35ca9bcb.jpg
Minnesota,65dafe2f7ead91.jpg
Montana,212891013fc8e8.png
Indiana,fabbc8427723d3.jpg
Wisconsin,86b6d5dcf408cd.jpg
Georgia,a43e6f60b1a5de.jpg
Hawaii,21397127cbff78.png
Kansas,38042ac0885d8d.jpg
NorthCarolina,21601076a426b4.png
Iowa,9917654104c547.jpg
NorthCarolina,217033155c94fc.png
Massachusetts,21685827c82948.png
Virginia,21341379e3d011.png
Wyoming,443badcd373167.jpg
Ohio,2168886431f62d.png
Georgia,9d6468b28564a3.jpg
Delaware,14b3d9886c426e.jpg
Louisiana,202243504441af.png
NorthDakota,20901745555919 (1).png
Hawaii,214133763c30ce.png
Nevada,a14f0e48cca2c9.jpg
Massachusetts,2168627824cba2.png
Utah,2092070152802a.png
Texas,e2c3ca9317f112.jpg
Indiana,e4455fc829ae87.jpg
Missouri,2094631032147d.png
Maine,21331583a66a9f.png
Delaware,ed942ae3f41826.jpg
Arizona,214240398df87d.png
Tennessee,9ee767b23a8118.jpg
Wyoming,d8e318aa5afe19.jpg
Colorado,41cb0c16c48e35.jpg
California,615894ac9f5042.jpg
Nebraska,2032111447daa0.png
Georgia,0fb3f884074cb6.jpg
Ohio,21721331b953a9.png
Hawaii,de24c2c728f13d.jpg
Minnesota,3af70b4d10e918.jpg
California,96d12cf9a1754c.jpg
Connecticut,2e2f4494b6f7bc.jpg
Pennsylvania,02c9a4edb5b80a.jpg
Pennsylvania,5bdf65fa29ba20.jpg
Colorado,2170577019ebdb.png
Vermont,63c22e0e3874e0.jpg
Utah,207044452017d8.png
Vermont,216366661ddd9b.png
Nevada,083105daa1d726.jpg
Oklahoma,207083399f232f.png
Kansas,7884d24f423cc1.jpg
RhodeIsland,2135928182c764.png
Wisconsin,21137046e0beb8.png
Georgia,9d7d0777273856.jpg
WashingtonDC,2038367067b2da.png
Missouri,595960482a766d.jpg
Maine,21363690cd468e.png
Utah,20907543c45368.png
NewYork,216383756c3257.png
Nebraska,204103647588cf.png
NewMexico,191441993310ae.png
WashingtonDC,280823b3a21974.jpg
NewMexico,210893856884a0.png
Kentucky,2005978988fe3d.png
Mississippi,205138766617bb.png
Florida,433c403c0b4a92.jpg
NewHampshire,d6ba3dca229afc.jpg
Minnesota,57b2e673ce838e.jpg
Louisiana,20428592e3d7f7.png
NewYork,21659960ee0dfe.png
Virginia,21145201032721.png
WestVirginia,a6b9c0d2dcf18f.jpg
NewJersey,99910855dbb202.jpg
Texas,3ea9cd9883250b.jpg
SouthCarolina,21696642e5fff1.png
Alaska,9b23d69e8f3681.jpg
Connecticut,b471853182282c.jpg
Vermont,21629746eaa9db.png
Indiana,2feefb40f78b6b.jpg
Missouri,210458284171be.png
Tennessee,2676cb54d5dec1.jpg
Massachusetts,77920b3b9d7c54.jpg
SouthCarolina,216954532572ca.png
WashingtonDC,c55de165beaf2b.jpg
Delaware,a68e79e90380cc.jpg
Washington,204695126c79e9.png
Kansas,20704390a66069.png
Delaware,96ac731136b4e8.jpg
Missouri,76b4949a959141.jpg
Michigan,21680287dfe37d.png
Florida,21572733ecdb1b.png
Washington,4ed9656a5fd7b4.jpg
Virginia,b1b47d79cd01b9.jpg
Missouri,2113804112c9ee.png
